{
  "n": 18,
  "experiment_name": "A2",
  "seed": 3,
  "E_learned": 3197.753662109375,
  "E_exact": 3197.751825952952,
  "E_rel": 5.742022905261244e-07,
  "L2": 0.9997232556343079,
  "integral": 7.146254699108567e-10,
  "final_loss": 80.0,
  "final_pde": 1.7689737319415144e-07,
  "final_norm": 1.0,
  "epochs": 15000,
  "N_col": 36864,
  "hidden": 256,
  "use_sine": true,
  "lam_hi": 300.0,
  "lam_lo": 80.0,
  "lr0": 0.0003
}