{
  "n": 9,
  "experiment_name": "A1",
  "seed": 2,
  "E_learned": 799.4381713867188,
  "E_exact": 799.437956488238,
  "E_rel": 2.6881195595599927e-07,
  "L2": 2.6930760213872418e-05,
  "integral": 0.9999980926513672,
  "final_loss": 0.00021368138550315052,
  "final_pde": 0.00021368138550315052,
  "final_norm": 5.684341886080802e-14,
  "epochs": 15000,
  "N_col": 18432,
  "hidden": 128,
  "use_sine": true,
  "lam_hi": 300.0,
  "lam_lo": 80.0,
  "lr0": 0.0003
}