{
  "n": 16,
  "experiment_name": "A1",
  "seed": 1,
  "E_learned": 2526.7265625,
  "E_exact": 2526.6187266788756,
  "E_rel": 4.267989466938653e-05,
  "L2": 0.9997475147247314,
  "integral": 1.6562053811730593e-11,
  "final_loss": 80.0,
  "final_pde": 9.662309139457648e-07,
  "final_norm": 1.0,
  "epochs": 15000,
  "N_col": 32768,
  "hidden": 128,
  "use_sine": true,
  "lam_hi": 300.0,
  "lam_lo": 80.0,
  "lr0": 0.0003
}