{
  "n": 10,
  "experiment_name": "A2",
  "seed": 0,
  "E_learned": 986.9608764648438,
  "E_exact": 986.9604401089358,
  "E_rel": 4.421209708145905e-07,
  "L2": 8.824124233797193e-05,
  "integral": 1.0001087188720703,
  "final_loss": 0.001050646067596972,
  "final_pde": 0.0010501672513782978,
  "final_norm": 5.985626216897799e-09,
  "epochs": 15000,
  "N_col": 20480,
  "hidden": 256,
  "use_sine": true,
  "lam_hi": 300.0,
  "lam_lo": 80.0,
  "lr0": 0.0003
}