{
  "n": 11,
  "experiment_name": "A1",
  "seed": 4,
  "E_learned": 1194.2220458984375,
  "E_exact": 1194.2221325318121,
  "E_rel": 7.254376908758372e-08,
  "L2": 9.708648576634005e-05,
  "integral": 1.0001468658447266,
  "final_loss": 0.0007008365355432034,
  "final_pde": 0.0006999279139563441,
  "final_norm": 1.1357826679159189e-08,
  "epochs": 15000,
  "N_col": 22528,
  "hidden": 128,
  "use_sine": true,
  "lam_hi": 300.0,
  "lam_lo": 80.0,
  "lr0": 0.0003
}