{
  "n": 13,
  "experiment_name": "A1",
  "seed": 2,
  "E_learned": 1667.963134765625,
  "E_exact": 1667.9631437841017,
  "E_rel": 5.406880084139045e-09,
  "L2": 0.00010642527922755107,
  "integral": 1.0001317262649536,
  "final_loss": 0.0005015406641177833,
  "final_pde": 0.0005005081766285002,
  "final_norm": 1.2906426150038897e-08,
  "epochs": 15000,
  "N_col": 26624,
  "hidden": 128,
  "use_sine": true,
  "lam_hi": 300.0,
  "lam_lo": 80.0,
  "lr0": 0.0003
}