{
  "n": 13,
  "experiment_name": "A1",
  "seed": 0,
  "E_learned": 1667.963134765625,
  "E_exact": 1667.9631437841017,
  "E_rel": 5.406880084139045e-09,
  "L2": 5.585286271525547e-05,
  "integral": 1.0000665187835693,
  "final_loss": 0.0008895741775631905,
  "final_pde": 0.0008891649194993079,
  "final_norm": 5.115907697472721e-09,
  "epochs": 15000,
  "N_col": 26624,
  "hidden": 128,
  "use_sine": true,
  "lam_hi": 300.0,
  "lam_lo": 80.0,
  "lr0": 0.0003
}