{
  "n": 19,
  "experiment_name": "A1",
  "seed": 2,
  "E_learned": 3562.930419921875,
  "E_exact": 3562.9271887932578,
  "E_rel": 9.06874725761308e-07,
  "L2": 0.9996063113212585,
  "integral": 2.0734072236905376e-08,
  "final_loss": 80.00003051757812,
  "final_pde": 3.072546678595245e-05,
  "final_norm": 1.0,
  "epochs": 15000,
  "N_col": 38912,
  "hidden": 128,
  "use_sine": true,
  "lam_hi": 300.0,
  "lam_lo": 80.0,
  "lr0": 0.0003
}