{
  "n": 8,
  "experiment_name": "A1",
  "seed": 3,
  "E_learned": 631.6546630859375,
  "E_exact": 631.6546816697189,
  "E_rel": 2.9420792643193955e-08,
  "L2": 3.375793676241301e-05,
  "integral": 0.999996542930603,
  "final_loss": 0.000294954952551052,
  "final_pde": 0.00029495221679098904,
  "final_norm": 3.412026217120001e-11,
  "epochs": 15000,
  "N_col": 16384,
  "hidden": 128,
  "use_sine": true,
  "lam_hi": 300.0,
  "lam_lo": 80.0,
  "lr0": 0.0003
}