{
  "n": 16,
  "experiment_name": "A2",
  "seed": 0,
  "E_learned": 2526.623291015625,
  "E_exact": 2526.6187266788756,
  "E_rel": 1.8065000077607988e-06,
  "L2": 0.9997143745422363,
  "integral": 1.268253058128721e-09,
  "final_loss": 80.0,
  "final_pde": 7.900209766376065e-07,
  "final_norm": 1.0,
  "epochs": 15000,
  "N_col": 32768,
  "hidden": 256,
  "use_sine": true,
  "lam_hi": 300.0,
  "lam_lo": 80.0,
  "lr0": 0.0003
}