{
  "n": 4,
  "experiment_name": "A1",
  "seed": 1,
  "E_learned": 157.9136505126953,
  "E_exact": 157.91367041742973,
  "E_rel": 1.2604820319077182e-07,
  "L2": 5.643668555421755e-05,
  "integral": 0.9999830722808838,
  "final_loss": 0.00020865701662842184,
  "final_pde": 0.00020855195180047303,
  "final_norm": 1.3133103493601084e-09,
  "epochs": 15000,
  "N_col": 8192,
  "hidden": 128,
  "use_sine": true,
  "lam_hi": 300.0,
  "lam_lo": 80.0,
  "lr0": 0.0003
}