{
  "n": 17,
  "experiment_name": "A1",
  "seed": 4,
  "E_learned": 2852.315185546875,
  "E_exact": 2852.3156719148246,
  "E_rel": 1.7051687315778377e-07,
  "L2": 0.00013396966096479446,
  "integral": 0.9998141527175903,
  "final_loss": 0.0031154679600149393,
  "final_pde": 0.003113956656306982,
  "final_norm": 1.889203815608198e-08,
  "epochs": 15000,
  "N_col": 34816,
  "hidden": 128,
  "use_sine": true,
  "lam_hi": 300.0,
  "lam_lo": 80.0,
  "lr0": 0.0003
}