{
  "n": 20,
  "experiment_name": "A1",
  "seed": 3,
  "E_learned": 3948.080322265625,
  "E_exact": 3947.8417604357433,
  "E_rel": 6.042841743875137e-05,
  "L2": 0.9996075630187988,
  "integral": 2.0305229497807886e-08,
  "final_loss": 80.00000762939453,
  "final_pde": 4.48947957920609e-06,
  "final_norm": 1.0,
  "epochs": 15000,
  "N_col": 40960,
  "hidden": 128,
  "use_sine": true,
  "lam_hi": 300.0,
  "lam_lo": 80.0,
  "lr0": 0.0003
}