{
  "n": 10,
  "experiment_name": "A1",
  "seed": 1,
  "E_learned": 986.966552734375,
  "E_exact": 986.9604401089358,
  "E_rel": 6.1933844466064624e-06,
  "L2": 2.2912036001798697e-05,
  "integral": 0.9999920129776001,
  "final_loss": 0.0003460508305579424,
  "final_pde": 0.0003460489970166236,
  "final_norm": 2.2737367544323206e-11,
  "epochs": 15000,
  "N_col": 20480,
  "hidden": 128,
  "use_sine": true,
  "lam_hi": 300.0,
  "lam_lo": 80.0,
  "lr0": 0.0003
}