{
  "n": 5,
  "experiment_name": "A1",
  "seed": 4,
  "E_learned": 246.74008178710938,
  "E_exact": 246.74011002723395,
  "E_rel": 1.1445291393946132e-07,
  "L2": 5.562656224356033e-05,
  "integral": 1.0000042915344238,
  "final_loss": 0.00034444997436366975,
  "final_pde": 0.00034444304765202105,
  "final_norm": 8.645884008728899e-11,
  "epochs": 15000,
  "N_col": 10240,
  "hidden": 128,
  "use_sine": true,
  "lam_hi": 300.0,
  "lam_lo": 80.0,
  "lr0": 0.0003
}