{
  "n": 5,
  "experiment_name": "A2",
  "seed": 1,
  "E_learned": 246.7400360107422,
  "E_exact": 246.74011002723395,
  "E_rel": 2.999775421908115e-07,
  "L2": 3.874591493513435e-05,
  "integral": 1.0000007152557373,
  "final_loss": 0.00013681869313586503,
  "final_pde": 0.0001368176017422229,
  "final_norm": 1.3656631381309126e-11,
  "epochs": 15000,
  "N_col": 10240,
  "hidden": 256,
  "use_sine": true,
  "lam_hi": 300.0,
  "lam_lo": 80.0,
  "lr0": 0.0003
}