{
  "n": 15,
  "experiment_name": "A2",
  "seed": 3,
  "E_learned": 2220.662353515625,
  "E_exact": 2220.660990245105,
  "E_rel": 6.139030342534626e-07,
  "L2": 0.9995332360267639,
  "integral": 4.701234246340391e-08,
  "final_loss": 79.99999237060547,
  "final_pde": 2.553847480157856e-06,
  "final_norm": 0.9999998807907104,
  "epochs": 15000,
  "N_col": 30720,
  "hidden": 256,
  "use_sine": true,
  "lam_hi": 300.0,
  "lam_lo": 80.0,
  "lr0": 0.0003
}