{
  "n": 16,
  "experiment_name": "A1",
  "seed": 4,
  "E_learned": 2526.61865234375,
  "E_exact": 2526.6187266788756,
  "E_rel": 2.942079264319399e-08,
  "L2": 6.947942165425047e-05,
  "integral": 0.9999094009399414,
  "final_loss": 0.0013660721015185118,
  "final_pde": 0.001365702715702355,
  "final_norm": 4.617106696969131e-09,
  "epochs": 15000,
  "N_col": 32768,
  "hidden": 128,
  "use_sine": true,
  "lam_hi": 300.0,
  "lam_lo": 80.0,
  "lr0": 0.0003
}