{
  "n": 3,
  "experiment_name": "A1",
  "seed": 3,
  "E_learned": 88.82643127441406,
  "E_exact": 88.82643960980423,
  "E_rel": 9.383906638157482e-08,
  "L2": 5.491352203534916e-05,
  "integral": 0.999988853931427,
  "final_loss": 0.0001755499979481101,
  "final_pde": 0.00017554817895870656,
  "final_norm": 2.2737367544323206e-11,
  "epochs": 9000,
  "N_col": 6144,
  "hidden": 128,
  "use_sine": true,
  "lam_hi": 300.0,
  "lam_lo": 80.0,
  "lr0": 0.0005
}