{
  "n": 12,
  "experiment_name": "A2",
  "seed": 0,
  "E_learned": 1421.2265625,
  "E_exact": 1421.2230337568676,
  "E_rel": 2.4828918815538516e-06,
  "L2": 0.9997287392616272,
  "integral": 4.661002139805248e-10,
  "final_loss": 80.0,
  "final_pde": 1.0150538400921505e-06,
  "final_norm": 1.0,
  "epochs": 15000,
  "N_col": 24576,
  "hidden": 256,
  "use_sine": true,
  "lam_hi": 300.0,
  "lam_lo": 80.0,
  "lr0": 0.0003
}