{
  "n": 2,
  "experiment_name": "A2",
  "seed": 3,
  "E_learned": 39.478424072265625,
  "E_exact": 39.47841760435743,
  "E_rel": 1.6383402845195905e-07,
  "L2": 3.716209175763652e-05,
  "integral": 1.0000019073486328,
  "final_loss": 3.899752482539043e-05,
  "final_pde": 3.8997455703793094e-05,
  "final_norm": 4.604316927725449e-12,
  "epochs": 6000,
  "N_col": 4096,
  "hidden": 256,
  "use_sine": true,
  "lam_hi": 40.0,
  "lam_lo": 15.0,
  "lr0": 0.0007
}