{
  "n": 18,
  "experiment_name": "A1",
  "seed": 2,
  "E_learned": 3198.5810546875,
  "E_exact": 3197.751825952952,
  "E_rel": 0.0002593161632550644,
  "L2": 0.9996116757392883,
  "integral": 1.9153041819208738e-08,
  "final_loss": 80.0,
  "final_pde": 2.888277094825753e-06,
  "final_norm": 1.0,
  "epochs": 15000,
  "N_col": 36864,
  "hidden": 128,
  "use_sine": true,
  "lam_hi": 300.0,
  "lam_lo": 80.0,
  "lr0": 0.0003
}