{
  "n": 3,
  "experiment_name": "A2",
  "seed": 4,
  "E_learned": 88.8264389038086,
  "E_exact": 88.82643960980423,
  "E_rel": 7.94803478372813e-09,
  "L2": 3.60509475285653e-05,
  "integral": 0.9999979734420776,
  "final_loss": 7.843513594707474e-05,
  "final_pde": 7.84350631874986e-05,
  "final_norm": 9.094947017729282e-13,
  "epochs": 9000,
  "N_col": 6144,
  "hidden": 256,
  "use_sine": true,
  "lam_hi": 300.0,
  "lam_lo": 80.0,
  "lr0": 0.0005
}