{
  "n": 7,
  "experiment_name": "A2",
  "seed": 2,
  "E_learned": 483.610595703125,
  "E_exact": 483.61061565337855,
  "E_rel": 4.125272047269263e-08,
  "L2": 2.1380996258812957e-05,
  "integral": 0.9999997615814209,
  "final_loss": 6.875666440464556e-05,
  "final_pde": 6.875480175949633e-05,
  "final_norm": 2.3309354446610087e-11,
  "epochs": 15000,
  "N_col": 14336,
  "hidden": 256,
  "use_sine": true,
  "lam_hi": 300.0,
  "lam_lo": 80.0,
  "lr0": 0.0003
}