{
  "n": 10,
  "experiment_name": "A2",
  "seed": 2,
  "E_learned": 987.3334350585938,
  "E_exact": 986.9604401089358,
  "E_rel": 0.00037792289791956286,
  "L2": 0.9991875290870667,
  "integral": 3.165064867971523e-07,
  "final_loss": 79.99996185302734,
  "final_pde": 6.379523256327957e-06,
  "final_norm": 0.9999994039535522,
  "epochs": 15000,
  "N_col": 20480,
  "hidden": 256,
  "use_sine": true,
  "lam_hi": 300.0,
  "lam_lo": 80.0,
  "lr0": 0.0003
}