{
  "n": 17,
  "experiment_name": "A1",
  "seed": 1,
  "E_learned": 2852.319580078125,
  "E_exact": 2852.3156719148246,
  "E_rel": 1.3701720811786937e-06,
  "L2": 0.9915980696678162,
  "integral": 6.649192073382437e-05,
  "final_loss": 79.9913101196289,
  "final_pde": 0.0018781537655740976,
  "final_norm": 0.9998679161071777,
  "epochs": 15000,
  "N_col": 34816,
  "hidden": 128,
  "use_sine": true,
  "lam_hi": 300.0,
  "lam_lo": 80.0,
  "lr0": 0.0003
}