{
  "n": 9,
  "experiment_name": "A2",
  "seed": 3,
  "E_learned": 799.4381103515625,
  "E_exact": 799.437956488238,
  "E_rel": 1.9246437231346815e-07,
  "L2": 1.5491110389120877e-05,
  "integral": 1.0000032186508179,
  "final_loss": 3.89810957130976e-05,
  "final_pde": 3.8980841054581106e-05,
  "final_norm": 3.197442310920451e-12,
  "epochs": 15000,
  "N_col": 18432,
  "hidden": 256,
  "use_sine": true,
  "lam_hi": 300.0,
  "lam_lo": 80.0,
  "lr0": 0.0003
}