{
  "n": 10,
  "experiment_name": "A1",
  "seed": 2,
  "E_learned": 986.96044921875,
  "E_exact": 986.9604401089358,
  "E_rel": 9.23017156143882e-09,
  "L2": 3.024151192221325e-05,
  "integral": 0.9999966621398926,
  "final_loss": 0.00044119017547927797,
  "final_pde": 0.00044119017547927797,
  "final_norm": 5.684341886080802e-14,
  "epochs": 15000,
  "N_col": 20480,
  "hidden": 128,
  "use_sine": true,
  "lam_hi": 300.0,
  "lam_lo": 80.0,
  "lr0": 0.0003
}