{
  "n": 10,
  "experiment_name": "A1",
  "seed": 4,
  "E_learned": 986.9603271484375,
  "E_exact": 986.9604401089358,
  "E_rel": 1.1445291393946166e-07,
  "L2": 3.83967999368906e-05,
  "integral": 0.9999978542327881,
  "final_loss": 0.0008215123089030385,
  "final_pde": 0.0008215112611651421,
  "final_norm": 1.2789769243681803e-11,
  "epochs": 15000,
  "N_col": 20480,
  "hidden": 128,
  "use_sine": true,
  "lam_hi": 300.0,
  "lam_lo": 80.0,
  "lr0": 0.0003
}