{
  "n": 4,
  "experiment_name": "A2",
  "seed": 3,
  "E_learned": 157.91363525390625,
  "E_exact": 157.91367041742973,
  "E_rel": 2.226756137383498e-07,
  "L2": 4.362471736385487e-05,
  "integral": 0.9999997019767761,
  "final_loss": 0.0001263099256902933,
  "final_pde": 0.00012630890705622733,
  "final_norm": 1.2789769243681803e-11,
  "epochs": 15000,
  "N_col": 8192,
  "hidden": 256,
  "use_sine": true,
  "lam_hi": 300.0,
  "lam_lo": 80.0,
  "lr0": 0.0003
}