{
  "n": 18,
  "experiment_name": "A1",
  "seed": 0,
  "E_learned": 3197.7548828125,
  "E_exact": 3197.751825952952,
  "E_rel": 9.559402087387804e-07,
  "L2": 0.9993361234664917,
  "integral": 1.7134475172042585e-07,
  "final_loss": 79.99996948242188,
  "final_pde": 2.5023857688211137e-06,
  "final_norm": 0.9999996423721313,
  "epochs": 15000,
  "N_col": 36864,
  "hidden": 128,
  "use_sine": true,
  "lam_hi": 300.0,
  "lam_lo": 80.0,
  "lr0": 0.0003
}