{
  "n": 9,
  "experiment_name": "A2",
  "seed": 1,
  "E_learned": 799.4380493164062,
  "E_exact": 799.437956488238,
  "E_rel": 1.1611678867093701e-07,
  "L2": 2.190733539464418e-05,
  "integral": 0.9999985694885254,
  "final_loss": 2.0915949789923616e-05,
  "final_pde": 2.0915949789923616e-05,
  "final_norm": 3.552713678800501e-15,
  "epochs": 15000,
  "N_col": 18432,
  "hidden": 256,
  "use_sine": true,
  "lam_hi": 300.0,
  "lam_lo": 80.0,
  "lr0": 0.0003
}