{
  "n": 9,
  "experiment_name": "A1",
  "seed": 1,
  "E_learned": 799.4378662109375,
  "E_exact": 799.437956488238,
  "E_rel": 1.1292596225665642e-07,
  "L2": 3.4135613532271236e-05,
  "integral": 1.0000038146972656,
  "final_loss": 0.000229004435823299,
  "final_pde": 0.00022900394105818123,
  "final_norm": 6.266986929404084e-12,
  "epochs": 15000,
  "N_col": 18432,
  "hidden": 128,
  "use_sine": true,
  "lam_hi": 300.0,
  "lam_lo": 80.0,
  "lr0": 0.0003
}