{
  "n": 14,
  "experiment_name": "A1",
  "seed": 3,
  "E_learned": 1934.94873046875,
  "E_exact": 1934.4424626135142,
  "E_rel": 0.0002617125425130658,
  "L2": 0.9997081756591797,
  "integral": 1.7567372001536796e-09,
  "final_loss": 80.0,
  "final_pde": 4.482990902943129e-07,
  "final_norm": 1.0,
  "epochs": 15000,
  "N_col": 28672,
  "hidden": 128,
  "use_sine": true,
  "lam_hi": 300.0,
  "lam_lo": 80.0,
  "lr0": 0.0003
}