{
  "n": 9,
  "experiment_name": "A1",
  "seed": 0,
  "E_learned": 799.4379272460938,
  "E_exact": 799.437956488238,
  "E_rel": 3.657837861412528e-08,
  "L2": 3.537206430337392e-05,
  "integral": 0.9999963641166687,
  "final_loss": 0.0004485112149268389,
  "final_pde": 0.0004485100507736206,
  "final_norm": 1.4551915228366852e-11,
  "epochs": 15000,
  "N_col": 18432,
  "hidden": 128,
  "use_sine": true,
  "lam_hi": 300.0,
  "lam_lo": 80.0,
  "lr0": 0.0003
}