{
  "n": 9,
  "experiment_name": "A2",
  "seed": 0,
  "E_learned": 799.4379272460938,
  "E_exact": 799.437956488238,
  "E_rel": 3.657837861412528e-08,
  "L2": 0.0001801375619834289,
  "integral": 0.9997433423995972,
  "final_loss": 0.0005386681878007948,
  "final_pde": 0.0005346286343410611,
  "final_norm": 5.049436424542364e-08,
  "epochs": 15000,
  "N_col": 18432,
  "hidden": 256,
  "use_sine": true,
  "lam_hi": 300.0,
  "lam_lo": 80.0,
  "lr0": 0.0003
}