{
  "n": 12,
  "experiment_name": "A2",
  "seed": 4,
  "E_learned": 1422.1356201171875,
  "E_exact": 1421.2230337568676,
  "E_rel": 0.0006421134041907249,
  "L2": 0.9997195601463318,
  "integral": 9.270947343154035e-10,
  "final_loss": 80.0,
  "final_pde": 1.2571493357427244e-07,
  "final_norm": 1.0,
  "epochs": 15000,
  "N_col": 24576,
  "hidden": 256,
  "use_sine": true,
  "lam_hi": 300.0,
  "lam_lo": 80.0,
  "lr0": 0.0003
}