{
  "n": 8,
  "experiment_name": "A2",
  "seed": 4,
  "E_learned": 631.6546630859375,
  "E_exact": 631.6546816697189,
  "E_rel": 2.9420792643193955e-08,
  "L2": 2.1137495423317887e-05,
  "integral": 1.0000014305114746,
  "final_loss": 8.579774294048548e-05,
  "final_pde": 8.579772111261263e-05,
  "final_norm": 2.2737367544323206e-13,
  "epochs": 15000,
  "N_col": 16384,
  "hidden": 256,
  "use_sine": true,
  "lam_hi": 300.0,
  "lam_lo": 80.0,
  "lr0": 0.0003
}