{
  "n": 10,
  "experiment_name": "A1",
  "seed": 0,
  "E_learned": 986.9603271484375,
  "E_exact": 986.9604401089358,
  "E_rel": 1.1445291393946166e-07,
  "L2": 2.3486016289098188e-05,
  "integral": 0.9999872446060181,
  "final_loss": 0.00037018160219304264,
  "final_pde": 0.0003701804962474853,
  "final_norm": 1.3656631381309126e-11,
  "epochs": 15000,
  "N_col": 20480,
  "hidden": 128,
  "use_sine": true,
  "lam_hi": 300.0,
  "lam_lo": 80.0,
  "lr0": 0.0003
}