{
  "n": 7,
  "experiment_name": "A1",
  "seed": 1,
  "E_learned": 483.6105651855469,
  "E_exact": 483.61061565337855,
  "E_rel": 1.043563355241724e-07,
  "L2": 3.114512946922332e-05,
  "integral": 1.0000073909759521,
  "final_loss": 0.00020883690740447491,
  "final_pde": 0.0002088367473334074,
  "final_norm": 2.0463630789890885e-12,
  "epochs": 15000,
  "N_col": 14336,
  "hidden": 128,
  "use_sine": true,
  "lam_hi": 300.0,
  "lam_lo": 80.0,
  "lr0": 0.0003
}