{
  "n": 19,
  "experiment_name": "A2",
  "seed": 0,
  "E_learned": 3562.935791015625,
  "E_exact": 3562.9271887932578,
  "E_rel": 2.4143693966864123e-06,
  "L2": 0.9997125267982483,
  "integral": 1.3999432724176586e-09,
  "final_loss": 80.0,
  "final_pde": 7.047474781529672e-08,
  "final_norm": 1.0,
  "epochs": 15000,
  "N_col": 38912,
  "hidden": 256,
  "use_sine": true,
  "lam_hi": 300.0,
  "lam_lo": 80.0,
  "lr0": 0.0003
}