{
  "n": 15,
  "experiment_name": "A1",
  "seed": 3,
  "E_learned": 2220.660888671875,
  "E_exact": 2220.660990245105,
  "E_rel": 4.574008841800719e-08,
  "L2": 6.768348248442635e-05,
  "integral": 1.0000905990600586,
  "final_loss": 0.0006442574667744339,
  "final_pde": 0.00064364995341748,
  "final_norm": 7.593726536470058e-09,
  "epochs": 15000,
  "N_col": 30720,
  "hidden": 128,
  "use_sine": true,
  "lam_hi": 300.0,
  "lam_lo": 80.0,
  "lr0": 0.0003
}