{
  "n": 14,
  "experiment_name": "A1",
  "seed": 1,
  "E_learned": 1934.44580078125,
  "E_exact": 1934.4424626135142,
  "E_rel": 1.7256485009687438e-06,
  "L2": 3.6164950870443135e-05,
  "integral": 1.0000011920928955,
  "final_loss": 0.008890938945114613,
  "final_pde": 0.008890911005437374,
  "final_norm": 3.502833578750142e-10,
  "epochs": 15000,
  "N_col": 28672,
  "hidden": 128,
  "use_sine": true,
  "lam_hi": 300.0,
  "lam_lo": 80.0,
  "lr0": 0.0003
}