{
  "n": 2,
  "experiment_name": "A2",
  "seed": 4,
  "E_learned": 39.47842025756836,
  "E_exact": 39.47841760435743,
  "E_rel": 6.720661790438289e-08,
  "L2": 3.838614793494344e-05,
  "integral": 0.9999954700469971,
  "final_loss": 4.1318438888993114e-05,
  "final_pde": 4.1318424337077886e-05,
  "final_norm": 9.094947017729282e-13,
  "epochs": 6000,
  "N_col": 4096,
  "hidden": 256,
  "use_sine": true,
  "lam_hi": 40.0,
  "lam_lo": 15.0,
  "lr0": 0.0007
}