{
  "n": 8,
  "experiment_name": "A2",
  "seed": 3,
  "E_learned": 631.6547241210938,
  "E_exact": 631.6546816697189,
  "E_rel": 6.720661790438449e-08,
  "L2": 1.3492807738657575e-05,
  "integral": 0.9999960660934448,
  "final_loss": 1.2717609024548437e-05,
  "final_pde": 1.271747169084847e-05,
  "final_norm": 1.7195134205394424e-12,
  "epochs": 15000,
  "N_col": 16384,
  "hidden": 256,
  "use_sine": true,
  "lam_hi": 300.0,
  "lam_lo": 80.0,
  "lr0": 0.0003
}