{
  "n": 3,
  "experiment_name": "A1",
  "seed": 4,
  "E_learned": 88.82643127441406,
  "E_exact": 88.82643960980423,
  "E_rel": 9.383906638157482e-08,
  "L2": 5.002874240744859e-05,
  "integral": 1.0000052452087402,
  "final_loss": 0.00015077307762112468,
  "final_pde": 0.0001507721171947196,
  "final_norm": 1.1951328815484885e-11,
  "epochs": 9000,
  "N_col": 6144,
  "hidden": 128,
  "use_sine": true,
  "lam_hi": 300.0,
  "lam_lo": 80.0,
  "lr0": 0.0005
}