{
  "n": 18,
  "experiment_name": "A2",
  "seed": 1,
  "E_learned": 3197.95556640625,
  "E_exact": 3197.751825952952,
  "E_rel": 6.371365396289944e-05,
  "L2": 0.9996734261512756,
  "integral": 5.863291185903563e-09,
  "final_loss": 80.0,
  "final_pde": 4.4169121338200057e-07,
  "final_norm": 1.0,
  "epochs": 15000,
  "N_col": 36864,
  "hidden": 256,
  "use_sine": true,
  "lam_hi": 300.0,
  "lam_lo": 80.0,
  "lr0": 0.0003
}