{
  "n": 9,
  "experiment_name": "A2",
  "seed": 4,
  "E_learned": 799.4379272460938,
  "E_exact": 799.437956488238,
  "E_rel": 3.657837861412528e-08,
  "L2": 3.610109706642106e-05,
  "integral": 0.9999730587005615,
  "final_loss": 0.000349502544850111,
  "final_pde": 0.00034917041193693876,
  "final_norm": 4.151562649212792e-09,
  "epochs": 15000,
  "N_col": 18432,
  "hidden": 256,
  "use_sine": true,
  "lam_hi": 300.0,
  "lam_lo": 80.0,
  "lr0": 0.0003
}