{
  "n": 8,
  "experiment_name": "A1",
  "seed": 1,
  "E_learned": 631.6547241210938,
  "E_exact": 631.6546816697189,
  "E_rel": 6.720661790438449e-08,
  "L2": 3.323942655697465e-05,
  "integral": 1.0000017881393433,
  "final_loss": 0.0002012185868807137,
  "final_pde": 0.00020121532725170255,
  "final_norm": 4.0675018908586935e-11,
  "epochs": 15000,
  "N_col": 16384,
  "hidden": 128,
  "use_sine": true,
  "lam_hi": 300.0,
  "lam_lo": 80.0,
  "lr0": 0.0003
}