{
  "n": 17,
  "experiment_name": "A1",
  "seed": 3,
  "E_learned": 2852.38232421875,
  "E_exact": 2852.3156719148246,
  "E_rel": 2.3367786595871736e-05,
  "L2": 0.9996969699859619,
  "integral": 2.8605555701943786e-09,
  "final_loss": 80.00000762939453,
  "final_pde": 1.1097516107838601e-05,
  "final_norm": 1.0,
  "epochs": 15000,
  "N_col": 34816,
  "hidden": 128,
  "use_sine": true,
  "lam_hi": 300.0,
  "lam_lo": 80.0,
  "lr0": 0.0003
}