{
  "n": 7,
  "experiment_name": "A1",
  "seed": 0,
  "E_learned": 483.6105651855469,
  "E_exact": 483.61061565337855,
  "E_rel": 1.043563355241724e-07,
  "L2": 3.73827206203714e-05,
  "integral": 0.999995231628418,
  "final_loss": 0.00033205412910319865,
  "final_pde": 0.0003320463001728058,
  "final_norm": 9.78985781330266e-11,
  "epochs": 15000,
  "N_col": 14336,
  "hidden": 128,
  "use_sine": true,
  "lam_hi": 300.0,
  "lam_lo": 80.0,
  "lr0": 0.0003
}