{
  "n": 20,
  "experiment_name": "A1",
  "seed": 1,
  "E_learned": 3947.93359375,
  "E_exact": 3947.8417604357433,
  "E_rel": 2.3261650245730747e-05,
  "L2": 0.9995039105415344,
  "integral": 6.057815937765554e-08,
  "final_loss": 79.99999237060547,
  "final_pde": 3.543863613231224e-06,
  "final_norm": 0.9999998807907104,
  "epochs": 15000,
  "N_col": 40960,
  "hidden": 128,
  "use_sine": true,
  "lam_hi": 300.0,
  "lam_lo": 80.0,
  "lr0": 0.0003
}