{
  "n": 12,
  "experiment_name": "A1",
  "seed": 3,
  "E_learned": 1421.2230224609375,
  "E_exact": 1421.2230337568676,
  "E_rel": 7.948034783728215e-09,
  "L2": 9.38236917136237e-05,
  "integral": 0.9998732805252075,
  "final_loss": 0.000856863334774971,
  "final_pde": 0.0008562575094401836,
  "final_norm": 7.572964477731148e-09,
  "epochs": 15000,
  "N_col": 24576,
  "hidden": 128,
  "use_sine": true,
  "lam_hi": 300.0,
  "lam_lo": 80.0,
  "lr0": 0.0003
}