{
  "n": 15,
  "experiment_name": "A2",
  "seed": 4,
  "E_learned": 2220.663330078125,
  "E_exact": 2220.660990245105,
  "E_rel": 1.0536651160344425e-06,
  "L2": 0.9996423125267029,
  "integral": 1.1600894467278522e-08,
  "final_loss": 80.0,
  "final_pde": 2.788206927561987e-07,
  "final_norm": 1.0,
  "epochs": 15000,
  "N_col": 30720,
  "hidden": 256,
  "use_sine": true,
  "lam_hi": 300.0,
  "lam_lo": 80.0,
  "lr0": 0.0003
}