{
  "n": 15,
  "experiment_name": "A1",
  "seed": 1,
  "E_learned": 2220.660888671875,
  "E_exact": 2220.660990245105,
  "E_rel": 4.574008841800719e-08,
  "L2": 9.173657599603757e-05,
  "integral": 0.9998677372932434,
  "final_loss": 0.0006805088487453759,
  "final_pde": 0.0006798980175517499,
  "final_norm": 7.63533591907617e-09,
  "epochs": 15000,
  "N_col": 30720,
  "hidden": 128,
  "use_sine": true,
  "lam_hi": 300.0,
  "lam_lo": 80.0,
  "lr0": 0.0003
}