{
  "n": 20,
  "experiment_name": "A1",
  "seed": 4,
  "E_learned": 3947.84521484375,
  "E_exact": 3947.8417604357433,
  "E_rel": 8.750117700677428e-07,
  "L2": 0.99937903881073,
  "integral": 1.376913871808938e-07,
  "final_loss": 80.0,
  "final_pde": 1.26327413454419e-05,
  "final_norm": 0.9999997615814209,
  "epochs": 15000,
  "N_col": 40960,
  "hidden": 128,
  "use_sine": true,
  "lam_hi": 300.0,
  "lam_lo": 80.0,
  "lr0": 0.0003
}