{
  "n": 1,
  "experiment_name": "A2",
  "seed": 2,
  "E_learned": 9.869603157043457,
  "E_exact": 9.869604401089358,
  "E_rel": 1.2604820319075983e-07,
  "L2": 3.4144810342695564e-05,
  "integral": 1.0000007152557373,
  "final_loss": 2.4391363695031032e-05,
  "final_pde": 2.4391281840507872e-05,
  "final_norm": 8.185452315956354e-12,
  "epochs": 4000,
  "N_col": 2048,
  "hidden": 256,
  "use_sine": true,
  "lam_hi": 40.0,
  "lam_lo": 10.0,
  "lr0": 0.001
}