{
  "n": 17,
  "experiment_name": "A1",
  "seed": 0,
  "E_learned": 2852.3154296875,
  "E_exact": 2852.3156719148246,
  "E_rel": 8.49230423613128e-08,
  "L2": 0.00011657606228254735,
  "integral": 1.0001730918884277,
  "final_loss": 0.0015946816420182586,
  "final_pde": 0.0015932997921481729,
  "final_norm": 1.7273382724170006e-08,
  "epochs": 15000,
  "N_col": 34816,
  "hidden": 128,
  "use_sine": true,
  "lam_hi": 300.0,
  "lam_lo": 80.0,
  "lr0": 0.0003
}