{
  "n": 5,
  "experiment_name": "A2",
  "seed": 4,
  "E_learned": 246.74009704589844,
  "E_exact": 246.74011002723395,
  "E_rel": 5.261137118901126e-08,
  "L2": 4.078830170328729e-05,
  "integral": 0.9999982118606567,
  "final_loss": 0.0001771359529811889,
  "final_pde": 0.00017713515262585133,
  "final_norm": 9.979572723750607e-12,
  "epochs": 15000,
  "N_col": 10240,
  "hidden": 256,
  "use_sine": true,
  "lam_hi": 300.0,
  "lam_lo": 80.0,
  "lr0": 0.0003
}