{
  "n": 10,
  "experiment_name": "A2",
  "seed": 4,
  "E_learned": 986.9603271484375,
  "E_exact": 986.9604401089358,
  "E_rel": 1.1445291393946166e-07,
  "L2": 5.0521826779004186e-05,
  "integral": 1.000048279762268,
  "final_loss": 0.00044419479672797024,
  "final_pde": 0.0004435294831637293,
  "final_norm": 8.316547450704093e-09,
  "epochs": 15000,
  "N_col": 20480,
  "hidden": 256,
  "use_sine": true,
  "lam_hi": 300.0,
  "lam_lo": 80.0,
  "lr0": 0.0003
}