{
  "n": 15,
  "experiment_name": "A1",
  "seed": 0,
  "E_learned": 2220.660888671875,
  "E_exact": 2220.660990245105,
  "E_rel": 4.574008841800719e-08,
  "L2": 0.00012344955757725984,
  "integral": 0.999808669090271,
  "final_loss": 0.0018991910619661212,
  "final_pde": 0.0018980992026627064,
  "final_norm": 1.3648104868480004e-08,
  "epochs": 15000,
  "N_col": 30720,
  "hidden": 128,
  "use_sine": true,
  "lam_hi": 300.0,
  "lam_lo": 80.0,
  "lr0": 0.0003
}