{
  "n": 1,
  "experiment_name": "A2",
  "seed": 0,
  "E_learned": 9.86959457397461,
  "E_exact": 9.869604401089358,
  "E_rel": 9.956948981188791e-07,
  "L2": 3.9425100112566724e-05,
  "integral": 1.0000004768371582,
  "final_loss": 3.394145460333675e-05,
  "final_pde": 3.394123996258713e-05,
  "final_norm": 2.1614710021822248e-11,
  "epochs": 4000,
  "N_col": 2048,
  "hidden": 256,
  "use_sine": true,
  "lam_hi": 40.0,
  "lam_lo": 10.0,
  "lr0": 0.001
}