{
  "n": 2,
  "experiment_name": "A2",
  "seed": 1,
  "E_learned": 39.47842025756836,
  "E_exact": 39.47841760435743,
  "E_rel": 6.720661790438289e-08,
  "L2": 3.1400144507642835e-05,
  "integral": 1.0000015497207642,
  "final_loss": 2.8538099286379293e-05,
  "final_pde": 2.8537822799989954e-05,
  "final_norm": 1.8417267710901797e-11,
  "epochs": 6000,
  "N_col": 4096,
  "hidden": 256,
  "use_sine": true,
  "lam_hi": 40.0,
  "lam_lo": 15.0,
  "lr0": 0.0007
}