{
  "n": 10,
  "experiment_name": "A2",
  "seed": 3,
  "E_learned": 986.9602661132812,
  "E_exact": 986.9604401089358,
  "E_rel": 1.762944566899119e-07,
  "L2": 9.843413135968149e-05,
  "integral": 0.9998587369918823,
  "final_loss": 0.0005246609798632562,
  "final_pde": 0.000523519585840404,
  "final_norm": 1.4267754977481673e-08,
  "epochs": 15000,
  "N_col": 20480,
  "hidden": 256,
  "use_sine": true,
  "lam_hi": 300.0,
  "lam_lo": 80.0,
  "lr0": 0.0003
}