{
  "n": 4,
  "experiment_name": "A2",
  "seed": 2,
  "E_learned": 157.9136505126953,
  "E_exact": 157.91367041742973,
  "E_rel": 1.2604820319077182e-07,
  "L2": 4.17569863202516e-05,
  "integral": 1.0000019073486328,
  "final_loss": 0.00010912611469393596,
  "final_pde": 0.00010912370635196567,
  "final_norm": 3.007016857736744e-11,
  "epochs": 15000,
  "N_col": 8192,
  "hidden": 256,
  "use_sine": true,
  "lam_hi": 300.0,
  "lam_lo": 80.0,
  "lr0": 0.0003
}