{
  "n": 5,
  "experiment_name": "A1",
  "seed": 3,
  "E_learned": 246.74008178710938,
  "E_exact": 246.74011002723395,
  "E_rel": 1.1445291393946132e-07,
  "L2": 5.281871563056484e-05,
  "integral": 0.9999744296073914,
  "final_loss": 0.00023880817752797157,
  "final_pde": 0.00023879180662333965,
  "final_norm": 2.0463630789890885e-10,
  "epochs": 15000,
  "N_col": 10240,
  "hidden": 128,
  "use_sine": true,
  "lam_hi": 300.0,
  "lam_lo": 80.0,
  "lr0": 0.0003
}