{
  "n": 20,
  "experiment_name": "A2",
  "seed": 3,
  "E_learned": 3947.844482421875,
  "E_exact": 3947.8417604357433,
  "E_rel": 6.89487141816392e-07,
  "L2": 0.9995875358581543,
  "integral": 2.6444389789048728e-08,
  "final_loss": 80.0,
  "final_pde": 6.033548629602592e-07,
  "final_norm": 1.0,
  "epochs": 15000,
  "N_col": 40960,
  "hidden": 256,
  "use_sine": true,
  "lam_hi": 300.0,
  "lam_lo": 80.0,
  "lr0": 0.0003
}