{
  "n": 8,
  "experiment_name": "A2",
  "seed": 0,
  "E_learned": 631.6546630859375,
  "E_exact": 631.6546816697189,
  "E_rel": 2.9420792643193955e-08,
  "L2": 2.3153193978942e-05,
  "integral": 1.0000003576278687,
  "final_loss": 2.714765832934063e-05,
  "final_pde": 2.7146947104483843e-05,
  "final_norm": 8.881784197001252e-12,
  "epochs": 15000,
  "N_col": 16384,
  "hidden": 256,
  "use_sine": true,
  "lam_hi": 300.0,
  "lam_lo": 80.0,
  "lr0": 0.0003
}