{
  "n": 16,
  "experiment_name": "A2",
  "seed": 3,
  "E_learned": 2526.623046875,
  "E_exact": 2526.6187266788756,
  "E_rel": 1.7098725972132202e-06,
  "L2": 0.999699592590332,
  "integral": 2.540190280342358e-09,
  "final_loss": 80.0,
  "final_pde": 9.523628818897123e-08,
  "final_norm": 1.0,
  "epochs": 15000,
  "N_col": 32768,
  "hidden": 256,
  "use_sine": true,
  "lam_hi": 300.0,
  "lam_lo": 80.0,
  "lr0": 0.0003
}