{
  "n": 8,
  "experiment_name": "A1",
  "seed": 2,
  "E_learned": 631.6546020507812,
  "E_exact": 631.6546816697189,
  "E_rel": 1.260482031907724e-07,
  "L2": 3.683951945276931e-05,
  "integral": 0.9999980926513672,
  "final_loss": 0.00040766040910966694,
  "final_pde": 0.0004076600889675319,
  "final_norm": 4.106937012693379e-12,
  "epochs": 15000,
  "N_col": 16384,
  "hidden": 128,
  "use_sine": true,
  "lam_hi": 300.0,
  "lam_lo": 80.0,
  "lr0": 0.0003
}