{
  "n": 5,
  "experiment_name": "A2",
  "seed": 3,
  "E_learned": 246.74008178710938,
  "E_exact": 246.74011002723395,
  "E_rel": 1.1445291393946132e-07,
  "L2": 3.9419544918928295e-05,
  "integral": 0.9999973177909851,
  "final_loss": 0.00012827829050365835,
  "final_pde": 0.00012827788305003196,
  "final_norm": 5.130118552187923e-12,
  "epochs": 15000,
  "N_col": 10240,
  "hidden": 256,
  "use_sine": true,
  "lam_hi": 300.0,
  "lam_lo": 80.0,
  "lr0": 0.0003
}