{
  "n": 1,
  "experiment_name": "A1",
  "seed": 3,
  "E_learned": 9.869596481323242,
  "E_exact": 9.869604401089358,
  "E_rel": 8.024400770237415e-07,
  "L2": 4.52487583970651e-05,
  "integral": 1.0000011920928955,
  "final_loss": 4.0035552956396714e-05,
  "final_pde": 4.0035527490545064e-05,
  "final_norm": 2.4016344468691386e-12,
  "epochs": 4000,
  "N_col": 2048,
  "hidden": 128,
  "use_sine": true,
  "lam_hi": 40.0,
  "lam_lo": 10.0,
  "lr0": 0.001
}