{
  "n": 6,
  "experiment_name": "A2",
  "seed": 1,
  "E_learned": 355.30572509765625,
  "E_exact": 355.3057584392169,
  "E_rel": 9.38390663815756e-08,
  "L2": 3.3374242775607854e-05,
  "integral": 0.9999980926513672,
  "final_loss": 0.0001717569539323449,
  "final_pde": 0.00017175685206893831,
  "final_norm": 1.2825296380469808e-12,
  "epochs": 15000,
  "N_col": 12288,
  "hidden": 256,
  "use_sine": true,
  "lam_hi": 300.0,
  "lam_lo": 80.0,
  "lr0": 0.0003
}