{
  "n": 3,
  "experiment_name": "A1",
  "seed": 2,
  "E_learned": 88.8264389038086,
  "E_exact": 88.82643960980423,
  "E_rel": 7.94803478372813e-09,
  "L2": 4.614869976649061e-05,
  "integral": 1.0000040531158447,
  "final_loss": 0.00013317402044776827,
  "final_pde": 0.00013317285629455,
  "final_norm": 1.4551915228366852e-11,
  "epochs": 9000,
  "N_col": 6144,
  "hidden": 128,
  "use_sine": true,
  "lam_hi": 300.0,
  "lam_lo": 80.0,
  "lr0": 0.0005
}