{
  "n": 1,
  "experiment_name": "A2",
  "seed": 4,
  "E_learned": 9.869606971740723,
  "E_exact": 9.869604401089358,
  "E_rel": 2.604614389995154e-07,
  "L2": 3.200995706720278e-05,
  "integral": 0.9999998807907104,
  "final_loss": 2.082634819089435e-05,
  "final_pde": 2.082618448184803e-05,
  "final_norm": 1.6427748050773516e-11,
  "epochs": 4000,
  "N_col": 2048,
  "hidden": 256,
  "use_sine": true,
  "lam_hi": 40.0,
  "lam_lo": 10.0,
  "lr0": 0.001
}