{
  "n": 9,
  "experiment_name": "A1",
  "seed": 4,
  "E_learned": 799.4379272460938,
  "E_exact": 799.437956488238,
  "E_rel": 3.657837861412528e-08,
  "L2": 3.821288555627689e-05,
  "integral": 0.9999963641166687,
  "final_loss": 0.0005636947462335229,
  "final_pde": 0.0005636943969875574,
  "final_norm": 4.106937012693379e-12,
  "epochs": 15000,
  "N_col": 18432,
  "hidden": 128,
  "use_sine": true,
  "lam_hi": 300.0,
  "lam_lo": 80.0,
  "lr0": 0.0003
}