{
  "n": 16,
  "experiment_name": "A1",
  "seed": 3,
  "E_learned": 2526.61865234375,
  "E_exact": 2526.6187266788756,
  "E_rel": 2.942079264319399e-08,
  "L2": 6.43132152617909e-05,
  "integral": 0.9999108910560608,
  "final_loss": 0.0012314330087974668,
  "final_pde": 0.001230801222845912,
  "final_norm": 7.897970277781496e-09,
  "epochs": 15000,
  "N_col": 32768,
  "hidden": 128,
  "use_sine": true,
  "lam_hi": 300.0,
  "lam_lo": 80.0,
  "lr0": 0.0003
}