{
  "n": 18,
  "experiment_name": "A2",
  "seed": 0,
  "E_learned": 3197.757568359375,
  "E_exact": 3197.751825952952,
  "E_rel": 1.795763628806624e-06,
  "L2": 0.9997329115867615,
  "integral": 2.9230523557188803e-10,
  "final_loss": 80.0,
  "final_pde": 2.2404532273867517e-07,
  "final_norm": 1.0,
  "epochs": 15000,
  "N_col": 36864,
  "hidden": 256,
  "use_sine": true,
  "lam_hi": 300.0,
  "lam_lo": 80.0,
  "lr0": 0.0003
}