{
  "n": 14,
  "experiment_name": "A1",
  "seed": 2,
  "E_learned": 1934.4423828125,
  "E_exact": 1934.4424626135142,
  "E_rel": 4.1252720472692694e-08,
  "L2": 0.00012322208203841,
  "integral": 0.9997953772544861,
  "final_loss": 0.00954014714807272,
  "final_pde": 0.009539872407913208,
  "final_norm": 3.439936335780658e-09,
  "epochs": 15000,
  "N_col": 28672,
  "hidden": 128,
  "use_sine": true,
  "lam_hi": 300.0,
  "lam_lo": 80.0,
  "lr0": 0.0003
}