{
  "n": 13,
  "experiment_name": "A1",
  "seed": 4,
  "E_learned": 1667.963134765625,
  "E_exact": 1667.9631437841017,
  "E_rel": 5.406880084139045e-09,
  "L2": 7.065454701660201e-05,
  "integral": 1.000079870223999,
  "final_loss": 0.002162494696676731,
  "final_pde": 0.002160649513825774,
  "final_norm": 2.3065297227731207e-08,
  "epochs": 15000,
  "N_col": 26624,
  "hidden": 128,
  "use_sine": true,
  "lam_hi": 300.0,
  "lam_lo": 80.0,
  "lr0": 0.0003
}