{
  "n": 19,
  "experiment_name": "A1",
  "seed": 4,
  "E_learned": 3562.927001953125,
  "E_exact": 3562.9271887932578,
  "E_rel": 5.2440064827394726e-08,
  "L2": 0.0001244767481693998,
  "integral": 1.0001686811447144,
  "final_loss": 0.0019679355900734663,
  "final_pde": 0.0019664685241878033,
  "final_norm": 1.8339051166549325e-08,
  "epochs": 15000,
  "N_col": 38912,
  "hidden": 128,
  "use_sine": true,
  "lam_hi": 300.0,
  "lam_lo": 80.0,
  "lr0": 0.0003
}