{
  "n": 19,
  "experiment_name": "A2",
  "seed": 4,
  "E_learned": 3562.932861328125,
  "E_exact": 3562.9271887932578,
  "E_rel": 1.5920995761818098e-06,
  "L2": 0.9995132088661194,
  "integral": 5.608443132132379e-08,
  "final_loss": 79.99999237060547,
  "final_pde": 1.0303474482498132e-06,
  "final_norm": 0.9999998807907104,
  "epochs": 15000,
  "N_col": 38912,
  "hidden": 256,
  "use_sine": true,
  "lam_hi": 300.0,
  "lam_lo": 80.0,
  "lr0": 0.0003
}