{
  "n": 4,
  "experiment_name": "A1",
  "seed": 2,
  "E_learned": 157.9137420654297,
  "E_exact": 157.91367041742973,
  "E_rel": 4.537162600946961e-07,
  "L2": 6.388975452864543e-05,
  "integral": 0.9999962449073792,
  "final_loss": 0.0003221901715733111,
  "final_pde": 0.00032218999695032835,
  "final_norm": 2.0463630789890885e-12,
  "epochs": 15000,
  "N_col": 8192,
  "hidden": 128,
  "use_sine": true,
  "lam_hi": 300.0,
  "lam_lo": 80.0,
  "lr0": 0.0003
}