{
  "n": 19,
  "experiment_name": "A2",
  "seed": 2,
  "E_learned": 3563.07080078125,
  "E_exact": 3562.9271887932578,
  "E_rel": 4.0307303624940164e-05,
  "L2": 0.9997495412826538,
  "integral": 1.1069731286131312e-12,
  "final_loss": 80.0,
  "final_pde": 5.9292109000352866e-08,
  "final_norm": 1.0,
  "epochs": 15000,
  "N_col": 38912,
  "hidden": 256,
  "use_sine": true,
  "lam_hi": 300.0,
  "lam_lo": 80.0,
  "lr0": 0.0003
}