{
  "n": 2,
  "experiment_name": "A1",
  "seed": 4,
  "E_learned": 39.478424072265625,
  "E_exact": 39.47841760435743,
  "E_rel": 1.6383402845195905e-07,
  "L2": 4.7680321586085483e-05,
  "integral": 0.999998927116394,
  "final_loss": 5.880749085918069e-05,
  "final_pde": 5.8807469031307846e-05,
  "final_norm": 1.566746732351021e-12,
  "epochs": 6000,
  "N_col": 4096,
  "hidden": 128,
  "use_sine": true,
  "lam_hi": 40.0,
  "lam_lo": 15.0,
  "lr0": 0.0007
}