{
  "n": 6,
  "experiment_name": "A2",
  "seed": 3,
  "E_learned": 355.3057556152344,
  "E_exact": 355.3057584392169,
  "E_rel": 7.948034783728197e-09,
  "L2": 3.587987521314062e-05,
  "integral": 1.0000193119049072,
  "final_loss": 0.00017572057549841702,
  "final_pde": 0.00017562029825057834,
  "final_norm": 1.2535252835732535e-09,
  "epochs": 15000,
  "N_col": 12288,
  "hidden": 256,
  "use_sine": true,
  "lam_hi": 300.0,
  "lam_lo": 80.0,
  "lr0": 0.0003
}