{
  "n": 8,
  "experiment_name": "A1",
  "seed": 0,
  "E_learned": 631.6547241210938,
  "E_exact": 631.6546816697189,
  "E_rel": 6.720661790438449e-08,
  "L2": 2.9584216463263147e-05,
  "integral": 0.9999948740005493,
  "final_loss": 0.00024007449974305928,
  "final_pde": 0.00024007449974305928,
  "final_norm": 0.0,
  "epochs": 15000,
  "N_col": 16384,
  "hidden": 128,
  "use_sine": true,
  "lam_hi": 300.0,
  "lam_lo": 80.0,
  "lr0": 0.0003
}