{
  "n": 13,
  "experiment_name": "A2",
  "seed": 4,
  "E_learned": 1668.190673828125,
  "E_exact": 1667.9631437841017,
  "E_rel": 0.00013641191345937064,
  "L2": 0.9997355341911316,
  "integral": 2.138450250210866e-10,
  "final_loss": 80.0,
  "final_pde": 3.204693825864524e-07,
  "final_norm": 1.0,
  "epochs": 15000,
  "N_col": 26624,
  "hidden": 256,
  "use_sine": true,
  "lam_hi": 300.0,
  "lam_lo": 80.0,
  "lr0": 0.0003
}