{
  "n": 2,
  "experiment_name": "A1",
  "seed": 2,
  "E_learned": 39.47842025756836,
  "E_exact": 39.47841760435743,
  "E_rel": 6.720661790438289e-08,
  "L2": 4.3881082092411816e-05,
  "integral": 0.999999463558197,
  "final_loss": 5.270631663734093e-05,
  "final_pde": 5.27062475157436e-05,
  "final_norm": 4.604316927725449e-12,
  "epochs": 6000,
  "N_col": 4096,
  "hidden": 128,
  "use_sine": true,
  "lam_hi": 40.0,
  "lam_lo": 15.0,
  "lr0": 0.0007
}