{
  "n": 5,
  "experiment_name": "A1",
  "seed": 0,
  "E_learned": 246.7400665283203,
  "E_exact": 246.74011002723395,
  "E_rel": 1.7629445668991137e-07,
  "L2": 4.925451139570214e-05,
  "integral": 0.9999920129776001,
  "final_loss": 0.00024236862373072654,
  "final_pde": 0.00024236859462689608,
  "final_norm": 3.552713678800501e-13,
  "epochs": 15000,
  "N_col": 10240,
  "hidden": 128,
  "use_sine": true,
  "lam_hi": 300.0,
  "lam_lo": 80.0,
  "lr0": 0.0003
}