{
  "n": 17,
  "experiment_name": "A1",
  "seed": 2,
  "E_learned": 2852.319580078125,
  "E_exact": 2852.3156719148246,
  "E_rel": 1.3701720811786937e-06,
  "L2": 0.999584436416626,
  "integral": 2.7466681373766733e-08,
  "final_loss": 80.00000762939453,
  "final_pde": 8.078505743469577e-06,
  "final_norm": 1.0,
  "epochs": 15000,
  "N_col": 34816,
  "hidden": 128,
  "use_sine": true,
  "lam_hi": 300.0,
  "lam_lo": 80.0,
  "lr0": 0.0003
}