{
  "n": 6,
  "experiment_name": "A2",
  "seed": 2,
  "E_learned": 355.3057556152344,
  "E_exact": 355.3057584392169,
  "E_rel": 7.948034783728197e-09,
  "L2": 3.3267700928263366e-05,
  "integral": 0.999997615814209,
  "final_loss": 0.00015556727885268629,
  "final_pde": 0.00015556694415863603,
  "final_norm": 4.106937012693379e-12,
  "epochs": 15000,
  "N_col": 12288,
  "hidden": 256,
  "use_sine": true,
  "lam_hi": 300.0,
  "lam_lo": 80.0,
  "lr0": 0.0003
}