{
  "n": 19,
  "experiment_name": "A1",
  "seed": 1,
  "E_learned": 3562.928466796875,
  "E_exact": 3562.9271887932578,
  "E_rel": 3.586948454249064e-07,
  "L2": 0.9984124302864075,
  "integral": 1.7900574675877579e-06,
  "final_loss": 79.99976348876953,
  "final_pde": 5.251021502772346e-05,
  "final_norm": 0.9999964237213135,
  "epochs": 15000,
  "N_col": 38912,
  "hidden": 128,
  "use_sine": true,
  "lam_hi": 300.0,
  "lam_lo": 80.0,
  "lr0": 0.0003
}