{
  "n": 4,
  "experiment_name": "A2",
  "seed": 4,
  "E_learned": 157.91368103027344,
  "E_exact": 157.91367041742973,
  "E_rel": 6.720661790438417e-08,
  "L2": 4.723606616607867e-05,
  "integral": 0.9999977946281433,
  "final_loss": 0.00015682076627854258,
  "final_pde": 0.00015681999502703547,
  "final_norm": 9.606537787476555e-12,
  "epochs": 15000,
  "N_col": 8192,
  "hidden": 256,
  "use_sine": true,
  "lam_hi": 300.0,
  "lam_lo": 80.0,
  "lr0": 0.0003
}