{
  "n": 1,
  "experiment_name": "A1",
  "seed": 1,
  "E_learned": 9.869614601135254,
  "E_exact": 9.869604401089358,
  "E_rel": 1.0334807233800658e-06,
  "L2": 4.337521022534929e-05,
  "integral": 1.0000030994415283,
  "final_loss": 3.846416075248271e-05,
  "final_pde": 3.84641025448218e-05,
  "final_norm": 5.972111694063642e-12,
  "epochs": 4000,
  "N_col": 2048,
  "hidden": 128,
  "use_sine": true,
  "lam_hi": 40.0,
  "lam_lo": 10.0,
  "lr0": 0.001
}