{
  "n": 7,
  "experiment_name": "A2",
  "seed": 3,
  "E_learned": 483.6105651855469,
  "E_exact": 483.61061565337855,
  "E_rel": 1.043563355241724e-07,
  "L2": 2.420336750219576e-05,
  "integral": 1.000001072883606,
  "final_loss": 0.0001309721264988184,
  "final_pde": 0.000130971209728159,
  "final_norm": 1.1542766742422828e-11,
  "epochs": 15000,
  "N_col": 14336,
  "hidden": 256,
  "use_sine": true,
  "lam_hi": 300.0,
  "lam_lo": 80.0,
  "lr0": 0.0003
}