{
  "n": 16,
  "experiment_name": "A1",
  "seed": 2,
  "E_learned": 2526.622314453125,
  "E_exact": 2526.6187266788756,
  "E_rel": 1.4199903655704846e-06,
  "L2": 0.9997255206108093,
  "integral": 6.053457735077927e-10,
  "final_loss": 80.0,
  "final_pde": 9.057366696652025e-07,
  "final_norm": 1.0,
  "epochs": 15000,
  "N_col": 32768,
  "hidden": 128,
  "use_sine": true,
  "lam_hi": 300.0,
  "lam_lo": 80.0,
  "lr0": 0.0003
}