{
  "n": 20,
  "experiment_name": "A2",
  "seed": 4,
  "E_learned": 3947.843994140625,
  "E_exact": 3947.8417604357433,
  "E_rel": 5.658040563154914e-07,
  "L2": 0.9997023344039917,
  "integral": 2.2742374650164265e-09,
  "final_loss": 80.0,
  "final_pde": 2.2697255985804077e-07,
  "final_norm": 1.0,
  "epochs": 15000,
  "N_col": 40960,
  "hidden": 256,
  "use_sine": true,
  "lam_hi": 300.0,
  "lam_lo": 80.0,
  "lr0": 0.0003
}