{
  "n": 10,
  "experiment_name": "A2",
  "seed": 1,
  "E_learned": 986.9603271484375,
  "E_exact": 986.9604401089358,
  "E_rel": 1.1445291393946166e-07,
  "L2": 9.147408854914829e-05,
  "integral": 0.9998608231544495,
  "final_loss": 0.0003904456680174917,
  "final_pde": 0.0003894917608704418,
  "final_norm": 1.1923702913918532e-08,
  "epochs": 15000,
  "N_col": 20480,
  "hidden": 256,
  "use_sine": true,
  "lam_hi": 300.0,
  "lam_lo": 80.0,
  "lr0": 0.0003
}