{
  "n": 11,
  "experiment_name": "A2",
  "seed": 1,
  "E_learned": 1194.6917724609375,
  "E_exact": 1194.2221325318121,
  "E_rel": 0.0003932601116089829,
  "L2": 0.999718427658081,
  "integral": 1.0001294237227398e-09,
  "final_loss": 80.0,
  "final_pde": 1.2496853685206588e-07,
  "final_norm": 1.0,
  "epochs": 15000,
  "N_col": 22528,
  "hidden": 256,
  "use_sine": true,
  "lam_hi": 300.0,
  "lam_lo": 80.0,
  "lr0": 0.0003
}