{
  "n": 18,
  "experiment_name": "A2",
  "seed": 4,
  "E_learned": 3197.754150390625,
  "E_exact": 3197.751825952952,
  "E_rel": 7.268974578111869e-07,
  "L2": 0.9997225999832153,
  "integral": 7.494183051903747e-10,
  "final_loss": 80.0,
  "final_pde": 9.607878581618934e-08,
  "final_norm": 1.0,
  "epochs": 15000,
  "N_col": 36864,
  "hidden": 256,
  "use_sine": true,
  "lam_hi": 300.0,
  "lam_lo": 80.0,
  "lr0": 0.0003
}