{
  "n": 17,
  "experiment_name": "A2",
  "seed": 3,
  "E_learned": 2852.31787109375,
  "E_exact": 2852.3156719148246,
  "E_rel": 7.71015265603397e-07,
  "L2": 0.9966312646865845,
  "integral": 9.735096682561561e-06,
  "final_loss": 79.99911499023438,
  "final_pde": 0.0006758808740414679,
  "final_norm": 0.9999804496765137,
  "epochs": 15000,
  "N_col": 34816,
  "hidden": 256,
  "use_sine": true,
  "lam_hi": 300.0,
  "lam_lo": 80.0,
  "lr0": 0.0003
}