{
  "n": 6,
  "experiment_name": "A2",
  "seed": 4,
  "E_learned": 355.30572509765625,
  "E_exact": 355.3057584392169,
  "E_rel": 9.38390663815756e-08,
  "L2": 3.436379483900964e-05,
  "integral": 1.0000032186508179,
  "final_loss": 0.00017427315469831228,
  "final_pde": 0.0001742731110425666,
  "final_norm": 6.004086117172847e-13,
  "epochs": 15000,
  "N_col": 12288,
  "hidden": 256,
  "use_sine": true,
  "lam_hi": 300.0,
  "lam_lo": 80.0,
  "lr0": 0.0003
}