{
  "n": 18,
  "experiment_name": "A1",
  "seed": 1,
  "E_learned": 3197.75341796875,
  "E_exact": 3197.751825952952,
  "E_rel": 4.978547068835932e-07,
  "L2": 0.9995913505554199,
  "integral": 2.5188679586563012e-08,
  "final_loss": 80.0,
  "final_pde": 2.2088834157329984e-06,
  "final_norm": 1.0,
  "epochs": 15000,
  "N_col": 36864,
  "hidden": 128,
  "use_sine": true,
  "lam_hi": 300.0,
  "lam_lo": 80.0,
  "lr0": 0.0003
}