{
  "n": 14,
  "experiment_name": "A2",
  "seed": 0,
  "E_learned": 1934.447998046875,
  "E_exact": 1934.4424626135142,
  "E_rel": 2.8615135718953814e-06,
  "L2": 0.9972953796386719,
  "integral": 6.0286711232038215e-06,
  "final_loss": 79.99920654296875,
  "final_pde": 0.00018258336058352143,
  "final_norm": 0.9999878406524658,
  "epochs": 15000,
  "N_col": 28672,
  "hidden": 256,
  "use_sine": true,
  "lam_hi": 300.0,
  "lam_lo": 80.0,
  "lr0": 0.0003
}