{
  "n": 16,
  "experiment_name": "A1",
  "seed": 0,
  "E_learned": 2526.72998046875,
  "E_exact": 2526.6187266788756,
  "E_rel": 4.403267841705263e-05,
  "L2": 0.9959135055541992,
  "integral": 1.4727482266607694e-05,
  "final_loss": 79.99824523925781,
  "final_pde": 0.0005991088692098856,
  "final_norm": 0.999970555305481,
  "epochs": 15000,
  "N_col": 32768,
  "hidden": 128,
  "use_sine": true,
  "lam_hi": 300.0,
  "lam_lo": 80.0,
  "lr0": 0.0003
}