{
  "n": 11,
  "experiment_name": "A2",
  "seed": 0,
  "E_learned": 1194.23291015625,
  "E_exact": 1194.2221325318121,
  "E_rel": 9.024807147920802e-06,
  "L2": 0.9996674060821533,
  "integral": 6.833620780355432e-09,
  "final_loss": 80.0,
  "final_pde": 3.44844534083677e-06,
  "final_norm": 1.0,
  "epochs": 15000,
  "N_col": 22528,
  "hidden": 256,
  "use_sine": true,
  "lam_hi": 300.0,
  "lam_lo": 80.0,
  "lr0": 0.0003
}