{
  "n": 8,
  "experiment_name": "A2",
  "seed": 2,
  "E_learned": 631.6546630859375,
  "E_exact": 631.6546816697189,
  "E_rel": 2.9420792643193955e-08,
  "L2": 1.6342730305041187e-05,
  "integral": 0.9999947547912598,
  "final_loss": 5.0574176384543534e-06,
  "final_pde": 5.057194812252419e-06,
  "final_norm": 2.7853275241795927e-12,
  "epochs": 15000,
  "N_col": 16384,
  "hidden": 256,
  "use_sine": true,
  "lam_hi": 300.0,
  "lam_lo": 80.0,
  "lr0": 0.0003
}