{
  "n": 12,
  "experiment_name": "A1",
  "seed": 4,
  "E_learned": 1421.2230224609375,
  "E_exact": 1421.2230337568676,
  "E_rel": 7.948034783728215e-09,
  "L2": 9.003278682939708e-05,
  "integral": 0.9998804330825806,
  "final_loss": 0.000770854065194726,
  "final_pde": 0.0007705250172875822,
  "final_norm": 4.113246632186929e-09,
  "epochs": 15000,
  "N_col": 24576,
  "hidden": 128,
  "use_sine": true,
  "lam_hi": 300.0,
  "lam_lo": 80.0,
  "lr0": 0.0003
}