{
  "n": 14,
  "experiment_name": "A1",
  "seed": 0,
  "E_learned": 1934.466552734375,
  "E_exact": 1934.4424626135142,
  "E_rel": 1.2453263059720323e-05,
  "L2": 0.9955369234085083,
  "integral": 1.776010321918875e-05,
  "final_loss": 79.99749755859375,
  "final_pde": 0.00036143307806923985,
  "final_norm": 0.9999642372131348,
  "epochs": 15000,
  "N_col": 28672,
  "hidden": 128,
  "use_sine": true,
  "lam_hi": 300.0,
  "lam_lo": 80.0,
  "lr0": 0.0003
}