{
  "n": 3,
  "experiment_name": "A2",
  "seed": 0,
  "E_learned": 88.82644653320312,
  "E_exact": 88.82643960980423,
  "E_rel": 7.794299681411854e-08,
  "L2": 4.188569073448889e-05,
  "integral": 0.999998927116394,
  "final_loss": 0.00012294908810872585,
  "final_pde": 0.00012294904445298016,
  "final_norm": 5.115907697472721e-13,
  "epochs": 9000,
  "N_col": 6144,
  "hidden": 256,
  "use_sine": true,
  "lam_hi": 300.0,
  "lam_lo": 80.0,
  "lr0": 0.0005
}