{
  "n": 9,
  "experiment_name": "A2",
  "seed": 2,
  "E_learned": 799.565673828125,
  "E_exact": 799.437956488238,
  "E_rel": 0.00015975891418520356,
  "L2": 0.6395515203475952,
  "integral": 0.1298237293958664,
  "final_loss": 62.802955627441406,
  "final_pde": 2.078869104385376,
  "final_norm": 0.7590510845184326,
  "epochs": 15000,
  "N_col": 18432,
  "hidden": 256,
  "use_sine": true,
  "lam_hi": 300.0,
  "lam_lo": 80.0,
  "lr0": 0.0003
}