{
  "n": 1,
  "experiment_name": "A1",
  "seed": 4,
  "E_learned": 9.869607925415039,
  "E_exact": 9.869604401089358,
  "E_rel": 3.570888495470842e-07,
  "L2": 4.567981159198098e-05,
  "integral": 0.9999974966049194,
  "final_loss": 4.513244130066596e-05,
  "final_pde": 4.513239400694147e-05,
  "final_norm": 4.604316927725449e-12,
  "epochs": 4000,
  "N_col": 2048,
  "hidden": 128,
  "use_sine": true,
  "lam_hi": 40.0,
  "lam_lo": 10.0,
  "lr0": 0.001
}