{
  "n": 18,
  "experiment_name": "A1",
  "seed": 3,
  "E_learned": 3198.51513671875,
  "E_exact": 3197.751825952952,
  "E_rel": 0.000238702315671581,
  "L2": 0.9994040131568909,
  "integral": 1.197501262595324e-07,
  "final_loss": 79.99998474121094,
  "final_pde": 1.8815676412486937e-06,
  "final_norm": 0.9999997615814209,
  "epochs": 15000,
  "N_col": 36864,
  "hidden": 128,
  "use_sine": true,
  "lam_hi": 300.0,
  "lam_lo": 80.0,
  "lr0": 0.0003
}