{
  "n": 8,
  "experiment_name": "A2",
  "seed": 1,
  "E_learned": 631.6546630859375,
  "E_exact": 631.6546816697189,
  "E_rel": 2.9420792643193955e-08,
  "L2": 1.881331809272524e-05,
  "integral": 0.9999992847442627,
  "final_loss": 4.6975099394330755e-05,
  "final_pde": 4.697354233940132e-05,
  "final_norm": 1.9454660105111543e-11,
  "epochs": 15000,
  "N_col": 16384,
  "hidden": 256,
  "use_sine": true,
  "lam_hi": 300.0,
  "lam_lo": 80.0,
  "lr0": 0.0003
}