{
  "n": 14,
  "experiment_name": "A2",
  "seed": 4,
  "E_learned": 1935.0380859375,
  "E_exact": 1934.4424626135142,
  "E_rel": 0.0003079043887307491,
  "L2": 0.9996136426925659,
  "integral": 1.8590188943790054e-08,
  "final_loss": 80.0,
  "final_pde": 8.643154387755203e-07,
  "final_norm": 1.0,
  "epochs": 15000,
  "N_col": 28672,
  "hidden": 256,
  "use_sine": true,
  "lam_hi": 300.0,
  "lam_lo": 80.0,
  "lr0": 0.0003
}