{
  "n": 12,
  "experiment_name": "A1",
  "seed": 2,
  "E_learned": 1421.222900390625,
  "E_exact": 1421.2230337568676,
  "E_rel": 9.38390663815758e-08,
  "L2": 6.212138396222144e-05,
  "integral": 1.0000617504119873,
  "final_loss": 0.0015837105456739664,
  "final_pde": 0.0015833359211683273,
  "final_norm": 4.682135568145895e-09,
  "epochs": 15000,
  "N_col": 24576,
  "hidden": 128,
  "use_sine": true,
  "lam_hi": 300.0,
  "lam_lo": 80.0,
  "lr0": 0.0003
}