{
  "n": 16,
  "experiment_name": "A2",
  "seed": 1,
  "E_learned": 2526.6220703125,
  "E_exact": 2526.6187266788756,
  "E_rel": 1.323362955022906e-06,
  "L2": 0.9997300505638123,
  "integral": 4.0377640120325964e-10,
  "final_loss": 80.0,
  "final_pde": 1.3986359590489883e-06,
  "final_norm": 1.0,
  "epochs": 15000,
  "N_col": 32768,
  "hidden": 256,
  "use_sine": true,
  "lam_hi": 300.0,
  "lam_lo": 80.0,
  "lr0": 0.0003
}