{
  "n": 8,
  "experiment_name": "A1",
  "seed": 4,
  "E_learned": 631.6546630859375,
  "E_exact": 631.6546816697189,
  "E_rel": 2.9420792643193955e-08,
  "L2": 2.2888283638167195e-05,
  "integral": 0.9999973177909851,
  "final_loss": 6.50719812256284e-05,
  "final_pde": 6.507175567094237e-05,
  "final_norm": 2.7853275241795927e-12,
  "epochs": 15000,
  "N_col": 16384,
  "hidden": 128,
  "use_sine": true,
  "lam_hi": 300.0,
  "lam_lo": 80.0,
  "lr0": 0.0003
}