{
  "n": 1,
  "experiment_name": "A1",
  "seed": 2,
  "E_learned": 9.869600296020508,
  "E_exact": 9.869604401089358,
  "E_rel": 4.1593043483346626e-07,
  "L2": 3.886134800268337e-05,
  "integral": 1.0000030994415283,
  "final_loss": 2.9381923013716005e-05,
  "final_pde": 2.9381912099779584e-05,
  "final_norm": 1.1510792319313623e-12,
  "epochs": 4000,
  "N_col": 2048,
  "hidden": 128,
  "use_sine": true,
  "lam_hi": 40.0,
  "lam_lo": 10.0,
  "lr0": 0.001
}