{
  "n": 6,
  "experiment_name": "A1",
  "seed": 4,
  "E_learned": 355.3057556152344,
  "E_exact": 355.3057584392169,
  "E_rel": 7.948034783728197e-09,
  "L2": 5.2704450354212895e-05,
  "integral": 0.9999994039535522,
  "final_loss": 0.0004074569733347744,
  "final_pde": 0.000407456886023283,
  "final_norm": 1.0267342531733448e-12,
  "epochs": 15000,
  "N_col": 12288,
  "hidden": 128,
  "use_sine": true,
  "lam_hi": 300.0,
  "lam_lo": 80.0,
  "lr0": 0.0003
}