{
  "n": 11,
  "experiment_name": "A1",
  "seed": 0,
  "E_learned": 1194.221923828125,
  "E_exact": 1194.2221325318121,
  "E_rel": 1.747611951213858e-07,
  "L2": 3.0591723771067336e-05,
  "integral": 0.9999995231628418,
  "final_loss": 0.0004600404645316303,
  "final_pde": 0.0004600281536113471,
  "final_norm": 1.5370460459962487e-10,
  "epochs": 15000,
  "N_col": 22528,
  "hidden": 128,
  "use_sine": true,
  "lam_hi": 300.0,
  "lam_lo": 80.0,
  "lr0": 0.0003
}