{
  "n": 11,
  "experiment_name": "A2",
  "seed": 2,
  "E_learned": 1194.234130859375,
  "E_exact": 1194.2221325318121,
  "E_rel": 1.0046981408258824e-05,
  "L2": 0.9996837377548218,
  "integral": 4.389300922724715e-09,
  "final_loss": 80.0,
  "final_pde": 1.8339109431053657e-07,
  "final_norm": 1.0,
  "epochs": 15000,
  "N_col": 22528,
  "hidden": 256,
  "use_sine": true,
  "lam_hi": 300.0,
  "lam_lo": 80.0,
  "lr0": 0.0003
}