{
  "n": 17,
  "experiment_name": "A2",
  "seed": 0,
  "E_learned": 2852.319580078125,
  "E_exact": 2852.3156719148246,
  "E_rel": 1.3701720811786937e-06,
  "L2": 0.9996532201766968,
  "integral": 9.371905029809113e-09,
  "final_loss": 80.0,
  "final_pde": 3.009008196386276e-06,
  "final_norm": 1.0,
  "epochs": 15000,
  "N_col": 34816,
  "hidden": 256,
  "use_sine": true,
  "lam_hi": 300.0,
  "lam_lo": 80.0,
  "lr0": 0.0003
}