{
  "n": 16,
  "experiment_name": "A2",
  "seed": 4,
  "E_learned": 2526.62548828125,
  "E_exact": 2526.6187266788756,
  "E_rel": 2.6761467026890057e-06,
  "L2": 0.9997072815895081,
  "integral": 1.8234191934141109e-09,
  "final_loss": 80.0,
  "final_pde": 5.07439210650773e-07,
  "final_norm": 1.0,
  "epochs": 15000,
  "N_col": 32768,
  "hidden": 256,
  "use_sine": true,
  "lam_hi": 300.0,
  "lam_lo": 80.0,
  "lr0": 0.0003
}