{
  "n": 20,
  "experiment_name": "A1",
  "seed": 0,
  "E_learned": 3948.779052734375,
  "E_exact": 3947.8417604357433,
  "E_rel": 0.0002374189127905401,
  "L2": 0.9997398853302002,
  "integral": 1.1420216855517751e-10,
  "final_loss": 80.0,
  "final_pde": 1.8870520079872222e-06,
  "final_norm": 1.0,
  "epochs": 15000,
  "N_col": 40960,
  "hidden": 128,
  "use_sine": true,
  "lam_hi": 300.0,
  "lam_lo": 80.0,
  "lr0": 0.0003
}