{
  "n": 11,
  "experiment_name": "A1",
  "seed": 1,
  "E_learned": 1194.2220458984375,
  "E_exact": 1194.2221325318121,
  "E_rel": 7.254376908758372e-08,
  "L2": 7.258255936903879e-05,
  "integral": 1.0000990629196167,
  "final_loss": 0.0010106121189892292,
  "final_pde": 0.0010098653146997094,
  "final_norm": 9.335256123677027e-09,
  "epochs": 15000,
  "N_col": 22528,
  "hidden": 128,
  "use_sine": true,
  "lam_hi": 300.0,
  "lam_lo": 80.0,
  "lr0": 0.0003
}