{
  "n": 17,
  "experiment_name": "A2",
  "seed": 4,
  "E_learned": 2852.31787109375,
  "E_exact": 2852.3156719148246,
  "E_rel": 7.71015265603397e-07,
  "L2": 0.9997310638427734,
  "integral": 3.739110132627843e-10,
  "final_loss": 80.0,
  "final_pde": 3.254313014622312e-06,
  "final_norm": 1.0,
  "epochs": 15000,
  "N_col": 34816,
  "hidden": 256,
  "use_sine": true,
  "lam_hi": 300.0,
  "lam_lo": 80.0,
  "lr0": 0.0003
}