{
  "n": 12,
  "experiment_name": "A2",
  "seed": 1,
  "E_learned": 1421.2230224609375,
  "E_exact": 1421.2230337568676,
  "E_rel": 7.948034783728215e-09,
  "L2": 0.00022194308985490352,
  "integral": 0.9997243881225586,
  "final_loss": 0.0118182934820652,
  "final_pde": 0.011789231561124325,
  "final_norm": 3.632740117609501e-07,
  "epochs": 15000,
  "N_col": 24576,
  "hidden": 256,
  "use_sine": true,
  "lam_hi": 300.0,
  "lam_lo": 80.0,
  "lr0": 0.0003
}