{
  "n": 7,
  "experiment_name": "A2",
  "seed": 0,
  "E_learned": 483.6105651855469,
  "E_exact": 483.61061565337855,
  "E_rel": 1.043563355241724e-07,
  "L2": 1.8692086086957715e-05,
  "integral": 0.9999995827674866,
  "final_loss": 5.4156647820491344e-05,
  "final_pde": 5.4156356782186776e-05,
  "final_norm": 3.637978807091713e-12,
  "epochs": 15000,
  "N_col": 14336,
  "hidden": 256,
  "use_sine": true,
  "lam_hi": 300.0,
  "lam_lo": 80.0,
  "lr0": 0.0003
}