{
  "n": 11,
  "experiment_name": "A2",
  "seed": 3,
  "E_learned": 1194.2220458984375,
  "E_exact": 1194.2221325318121,
  "E_rel": 7.254376908758372e-08,
  "L2": 9.174552542390302e-05,
  "integral": 1.0001349449157715,
  "final_loss": 0.0008579368004575372,
  "final_pde": 0.0008560390560887754,
  "final_norm": 2.3721668185316958e-08,
  "epochs": 15000,
  "N_col": 22528,
  "hidden": 256,
  "use_sine": true,
  "lam_hi": 300.0,
  "lam_lo": 80.0,
  "lr0": 0.0003
}