{
  "n": 3,
  "experiment_name": "A1",
  "seed": 0,
  "E_learned": 88.82642364501953,
  "E_exact": 88.82643960980423,
  "E_rel": 1.797300979794215e-07,
  "L2": 4.5459993998520076e-05,
  "integral": 1.000001072883606,
  "final_loss": 0.00013194952043704689,
  "final_pde": 0.00013194892380852252,
  "final_norm": 7.51754214434186e-12,
  "epochs": 9000,
  "N_col": 6144,
  "hidden": 128,
  "use_sine": true,
  "lam_hi": 300.0,
  "lam_lo": 80.0,
  "lr0": 0.0005
}