{
  "n": 15,
  "experiment_name": "A2",
  "seed": 0,
  "E_learned": 2220.662109375,
  "E_exact": 2220.660990245105,
  "E_rel": 5.039625138082176e-07,
  "L2": 0.999627947807312,
  "integral": 1.489493151041188e-08,
  "final_loss": 80.0,
  "final_pde": 3.896808777881233e-07,
  "final_norm": 1.0,
  "epochs": 15000,
  "N_col": 30720,
  "hidden": 256,
  "use_sine": true,
  "lam_hi": 300.0,
  "lam_lo": 80.0,
  "lr0": 0.0003
}