{
  "n": 19,
  "experiment_name": "A1",
  "seed": 0,
  "E_learned": 3562.93212890625,
  "E_exact": 3562.9271887932578,
  "E_rel": 1.3865321210556593e-06,
  "L2": 0.9987722039222717,
  "integral": 9.56593794398941e-07,
  "final_loss": 79.9999008178711,
  "final_pde": 5.3424406360136345e-05,
  "final_norm": 0.9999980926513672,
  "epochs": 15000,
  "N_col": 38912,
  "hidden": 128,
  "use_sine": true,
  "lam_hi": 300.0,
  "lam_lo": 80.0,
  "lr0": 0.0003
}