{
  "n": 5,
  "experiment_name": "A1",
  "seed": 1,
  "E_learned": 246.7400665283203,
  "E_exact": 246.74011002723395,
  "E_rel": 1.7629445668991137e-07,
  "L2": 4.993624679627828e-05,
  "integral": 0.9999995827674866,
  "final_loss": 0.0002602499444037676,
  "final_pde": 0.0002602494496386498,
  "final_norm": 6.266986929404084e-12,
  "epochs": 15000,
  "N_col": 10240,
  "hidden": 128,
  "use_sine": true,
  "lam_hi": 300.0,
  "lam_lo": 80.0,
  "lr0": 0.0003
}