{
  "n": 10,
  "experiment_name": "A1",
  "seed": 3,
  "E_learned": 986.9603271484375,
  "E_exact": 986.9604401089358,
  "E_rel": 1.1445291393946166e-07,
  "L2": 2.2471755073638633e-05,
  "integral": 0.9999993443489075,
  "final_loss": 0.0003282362304162234,
  "final_pde": 0.0003282360266894102,
  "final_norm": 2.589928271845565e-12,
  "epochs": 15000,
  "N_col": 20480,
  "hidden": 128,
  "use_sine": true,
  "lam_hi": 300.0,
  "lam_lo": 80.0,
  "lr0": 0.0003
}