{
  "n": 6,
  "experiment_name": "A1",
  "seed": 2,
  "E_learned": 355.30572509765625,
  "E_exact": 355.3057584392169,
  "E_rel": 9.38390663815756e-08,
  "L2": 4.722765152109787e-05,
  "integral": 0.9999969005584717,
  "final_loss": 0.0003547371306922287,
  "final_pde": 0.0003547364322002977,
  "final_norm": 8.881784197001252e-12,
  "epochs": 15000,
  "N_col": 12288,
  "hidden": 128,
  "use_sine": true,
  "lam_hi": 300.0,
  "lam_lo": 80.0,
  "lr0": 0.0003
}