{
  "n": 5,
  "experiment_name": "A2",
  "seed": 2,
  "E_learned": 246.7400665283203,
  "E_exact": 246.74011002723395,
  "E_rel": 1.7629445668991137e-07,
  "L2": 4.5834829506929964e-05,
  "integral": 1.0000170469284058,
  "final_loss": 0.00020615836547221988,
  "final_pde": 0.00020613070228137076,
  "final_norm": 3.4583536034915596e-10,
  "epochs": 15000,
  "N_col": 10240,
  "hidden": 256,
  "use_sine": true,
  "lam_hi": 300.0,
  "lam_lo": 80.0,
  "lr0": 0.0003
}