{
  "n": 4,
  "experiment_name": "A2",
  "seed": 0,
  "E_learned": 157.9136199951172,
  "E_exact": 157.91367041742973,
  "E_rel": 3.193030242859278e-07,
  "L2": 4.2975956603186205e-05,
  "integral": 1.0000017881393433,
  "final_loss": 0.00011936365626752377,
  "final_pde": 0.00011936359078390524,
  "final_norm": 7.993605777301127e-13,
  "epochs": 15000,
  "N_col": 8192,
  "hidden": 256,
  "use_sine": true,
  "lam_hi": 300.0,
  "lam_lo": 80.0,
  "lr0": 0.0003
}