{
  "n": 20,
  "experiment_name": "A2",
  "seed": 1,
  "E_learned": 3947.84521484375,
  "E_exact": 3947.8417604357433,
  "E_rel": 8.750117700677428e-07,
  "L2": 0.9996846318244934,
  "integral": 4.274665510450859e-09,
  "final_loss": 80.0,
  "final_pde": 3.195100930497574e-07,
  "final_norm": 1.0,
  "epochs": 15000,
  "N_col": 40960,
  "hidden": 256,
  "use_sine": true,
  "lam_hi": 300.0,
  "lam_lo": 80.0,
  "lr0": 0.0003
}