{
  "n": 15,
  "experiment_name": "A2",
  "seed": 1,
  "E_learned": 2220.66259765625,
  "E_exact": 2220.660990245105,
  "E_rel": 7.238435546987076e-07,
  "L2": 0.99953693151474,
  "integral": 4.542026488252304e-08,
  "final_loss": 79.99999237060547,
  "final_pde": 6.28078339559579e-07,
  "final_norm": 0.9999998807907104,
  "epochs": 15000,
  "N_col": 30720,
  "hidden": 256,
  "use_sine": true,
  "lam_hi": 300.0,
  "lam_lo": 80.0,
  "lr0": 0.0003
}