{
  "n": 2,
  "experiment_name": "A1",
  "seed": 3,
  "E_learned": 39.47842025756836,
  "E_exact": 39.47841760435743,
  "E_rel": 6.720661790438289e-08,
  "L2": 5.24598581250757e-05,
  "integral": 0.9999964237213135,
  "final_loss": 7.99104745965451e-05,
  "final_pde": 7.990925951162353e-05,
  "final_norm": 8.100542459033022e-11,
  "epochs": 6000,
  "N_col": 4096,
  "hidden": 128,
  "use_sine": true,
  "lam_hi": 40.0,
  "lam_lo": 15.0,
  "lr0": 0.0007
}