{
  "n": 15,
  "experiment_name": "A1",
  "seed": 2,
  "E_learned": 2220.660888671875,
  "E_exact": 2220.660990245105,
  "E_rel": 4.574008841800719e-08,
  "L2": 0.00012693251483142376,
  "integral": 1.0001660585403442,
  "final_loss": 0.0015306277200579643,
  "final_pde": 0.0015296210767701268,
  "final_norm": 1.2583441844071785e-08,
  "epochs": 15000,
  "N_col": 30720,
  "hidden": 128,
  "use_sine": true,
  "lam_hi": 300.0,
  "lam_lo": 80.0,
  "lr0": 0.0003
}