{
  "n": 7,
  "experiment_name": "A1",
  "seed": 2,
  "E_learned": 483.6105651855469,
  "E_exact": 483.61061565337855,
  "E_rel": 1.043563355241724e-07,
  "L2": 3.560367986210622e-05,
  "integral": 0.9999974966049194,
  "final_loss": 0.0003133290447294712,
  "final_pde": 0.0003133289865218103,
  "final_norm": 6.963318810448982e-13,
  "epochs": 15000,
  "N_col": 14336,
  "hidden": 128,
  "use_sine": true,
  "lam_hi": 300.0,
  "lam_lo": 80.0,
  "lr0": 0.0003
}