{
  "n": 7,
  "experiment_name": "A2",
  "seed": 1,
  "E_learned": 483.610595703125,
  "E_exact": 483.61061565337855,
  "E_rel": 4.125272047269263e-08,
  "L2": 1.9713766960194334e-05,
  "integral": 0.9999918937683105,
  "final_loss": 6.601847417186946e-05,
  "final_pde": 6.601819768548012e-05,
  "final_norm": 3.4141578453272814e-12,
  "epochs": 15000,
  "N_col": 14336,
  "hidden": 256,
  "use_sine": true,
  "lam_hi": 300.0,
  "lam_lo": 80.0,
  "lr0": 0.0003
}