{
  "n": 6,
  "experiment_name": "A2",
  "seed": 0,
  "E_learned": 355.30572509765625,
  "E_exact": 355.3057584392169,
  "E_rel": 9.38390663815756e-08,
  "L2": 0.000225226060138084,
  "integral": 1.0003973245620728,
  "final_loss": 0.0011774564627557993,
  "final_pde": 0.001130452728830278,
  "final_norm": 5.875463671145553e-07,
  "epochs": 15000,
  "N_col": 12288,
  "hidden": 256,
  "use_sine": true,
  "lam_hi": 300.0,
  "lam_lo": 80.0,
  "lr0": 0.0003
}