{
  "n": 6,
  "experiment_name": "A1",
  "seed": 3,
  "E_learned": 355.3057861328125,
  "E_exact": 355.3057584392169,
  "E_rel": 7.794299681411919e-08,
  "L2": 4.8913658247329295e-05,
  "integral": 0.9999960660934448,
  "final_loss": 0.0003941379254683852,
  "final_pde": 0.000394137721741572,
  "final_norm": 2.4016344468691386e-12,
  "epochs": 15000,
  "N_col": 12288,
  "hidden": 128,
  "use_sine": true,
  "lam_hi": 300.0,
  "lam_lo": 80.0,
  "lr0": 0.0003
}