{
  "n": 19,
  "experiment_name": "A2",
  "seed": 1,
  "E_learned": 3563.233642578125,
  "E_exact": 3562.9271887932578,
  "E_rel": 8.601180114798765e-05,
  "L2": 0.9996943473815918,
  "integral": 3.0973397180389384e-09,
  "final_loss": 80.0,
  "final_pde": 1.2746743038860586e-07,
  "final_norm": 1.0,
  "epochs": 15000,
  "N_col": 38912,
  "hidden": 256,
  "use_sine": true,
  "lam_hi": 300.0,
  "lam_lo": 80.0,
  "lr0": 0.0003
}