{
  "n": 13,
  "experiment_name": "A2",
  "seed": 2,
  "E_learned": 1667.998779296875,
  "E_exact": 1667.9631437841017,
  "E_rel": 2.1364688366225302e-05,
  "L2": 0.9992116093635559,
  "integral": 2.899149080803909e-07,
  "final_loss": 79.99996185302734,
  "final_pde": 6.912968274264131e-06,
  "final_norm": 0.9999994039535522,
  "epochs": 15000,
  "N_col": 26624,
  "hidden": 256,
  "use_sine": true,
  "lam_hi": 300.0,
  "lam_lo": 80.0,
  "lr0": 0.0003
}