{
  "n": 11,
  "experiment_name": "A1",
  "seed": 2,
  "E_learned": 1194.2247314453125,
  "E_exact": 1194.2221325318121,
  "E_rel": 2.1762396036560624e-06,
  "L2": 3.0535786208929494e-05,
  "integral": 0.9999903440475464,
  "final_loss": 0.0004928063717670739,
  "final_pde": 0.0004928052076138556,
  "final_norm": 1.4551915228366852e-11,
  "epochs": 15000,
  "N_col": 22528,
  "hidden": 128,
  "use_sine": true,
  "lam_hi": 300.0,
  "lam_lo": 80.0,
  "lr0": 0.0003
}