{
  "n": 7,
  "experiment_name": "A2",
  "seed": 4,
  "E_learned": 483.61053466796875,
  "E_exact": 483.61061565337855,
  "E_rel": 1.6745995057565216e-07,
  "L2": 2.2959649868425913e-05,
  "integral": 1.0000003576278687,
  "final_loss": 0.00010483679943718016,
  "final_pde": 0.00010483591177035123,
  "final_norm": 1.1141310096718371e-11,
  "epochs": 15000,
  "N_col": 14336,
  "hidden": 256,
  "use_sine": true,
  "lam_hi": 300.0,
  "lam_lo": 80.0,
  "lr0": 0.0003
}