{
  "n": 2,
  "experiment_name": "A1",
  "seed": 0,
  "E_learned": 39.47842025756836,
  "E_exact": 39.47841760435743,
  "E_rel": 6.720661790438289e-08,
  "L2": 5.1719402108574286e-05,
  "integral": 1.0000032186508179,
  "final_loss": 8.377505582757294e-05,
  "final_pde": 8.377309131901711e-05,
  "final_norm": 1.3096723705530167e-10,
  "epochs": 6000,
  "N_col": 4096,
  "hidden": 128,
  "use_sine": true,
  "lam_hi": 40.0,
  "lam_lo": 15.0,
  "lr0": 0.0007
}