{
  "n": 6,
  "experiment_name": "A1",
  "seed": 0,
  "E_learned": 355.3057556152344,
  "E_exact": 355.3057584392169,
  "E_rel": 7.948034783728197e-09,
  "L2": 4.1739978769328445e-05,
  "integral": 0.9999995827674866,
  "final_loss": 0.00025523340445943177,
  "final_pde": 0.0002552302030380815,
  "final_norm": 3.991829089500243e-11,
  "epochs": 15000,
  "N_col": 12288,
  "hidden": 128,
  "use_sine": true,
  "lam_hi": 300.0,
  "lam_lo": 80.0,
  "lr0": 0.0003
}