{
  "n": 12,
  "experiment_name": "A2",
  "seed": 2,
  "E_learned": 1422.063232421875,
  "E_exact": 1421.2230337568676,
  "E_rel": 0.0005911800224532012,
  "L2": 0.9961638450622559,
  "integral": 1.2867505574831739e-05,
  "final_loss": 79.99828338623047,
  "final_pde": 0.00041407058597542346,
  "final_norm": 0.9999734163284302,
  "epochs": 15000,
  "N_col": 24576,
  "hidden": 256,
  "use_sine": true,
  "lam_hi": 300.0,
  "lam_lo": 80.0,
  "lr0": 0.0003
}