{
  "n": 18,
  "experiment_name": "A2",
  "seed": 2,
  "E_learned": 3198.074462890625,
  "E_exact": 3197.751825952952,
  "E_rel": 0.00010089492719681214,
  "L2": 0.9996195435523987,
  "integral": 1.7024689213940292e-08,
  "final_loss": 80.0,
  "final_pde": 3.3146707778541895e-07,
  "final_norm": 1.0,
  "epochs": 15000,
  "N_col": 36864,
  "hidden": 256,
  "use_sine": true,
  "lam_hi": 300.0,
  "lam_lo": 80.0,
  "lr0": 0.0003
}