{
  "n": 16,
  "experiment_name": "A2",
  "seed": 2,
  "E_learned": 2526.625732421875,
  "E_exact": 2526.6187266788756,
  "E_rel": 2.7727741132365843e-06,
  "L2": 0.9997198581695557,
  "integral": 9.091464248101033e-10,
  "final_loss": 80.0,
  "final_pde": 3.2741601785346575e-07,
  "final_norm": 1.0,
  "epochs": 15000,
  "N_col": 32768,
  "hidden": 256,
  "use_sine": true,
  "lam_hi": 300.0,
  "lam_lo": 80.0,
  "lr0": 0.0003
}