{
  "n": 15,
  "experiment_name": "A2",
  "seed": 2,
  "E_learned": 2220.810546875,
  "E_exact": 2220.660990245105,
  "E_rel": 6.734779894451716e-05,
  "L2": 0.9997294545173645,
  "integral": 4.240963136226128e-10,
  "final_loss": 80.0,
  "final_pde": 2.5384341029166535e-07,
  "final_norm": 1.0,
  "epochs": 15000,
  "N_col": 30720,
  "hidden": 256,
  "use_sine": true,
  "lam_hi": 300.0,
  "lam_lo": 80.0,
  "lr0": 0.0003
}