{
  "n": 13,
  "experiment_name": "A2",
  "seed": 0,
  "E_learned": 1667.9678955078125,
  "E_exact": 1667.9631437841017,
  "E_rel": 2.848818169936642e-06,
  "L2": 0.9995781183242798,
  "integral": 2.9556629144167346e-08,
  "final_loss": 80.0,
  "final_pde": 2.472249207130517e-06,
  "final_norm": 1.0,
  "epochs": 15000,
  "N_col": 26624,
  "hidden": 256,
  "use_sine": true,
  "lam_hi": 300.0,
  "lam_lo": 80.0,
  "lr0": 0.0003
}