{
  "n": 13,
  "experiment_name": "A1",
  "seed": 1,
  "E_learned": 1668.1917724609375,
  "E_exact": 1667.9631437841017,
  "E_rel": 0.0001370705807786062,
  "L2": 0.0001471023861085996,
  "integral": 0.9997155666351318,
  "final_loss": 0.05233807861804962,
  "final_pde": 0.05232788994908333,
  "final_norm": 1.273440659588232e-07,
  "epochs": 15000,
  "N_col": 26624,
  "hidden": 128,
  "use_sine": true,
  "lam_hi": 300.0,
  "lam_lo": 80.0,
  "lr0": 0.0003
}