{
  "n": 4,
  "experiment_name": "A1",
  "seed": 4,
  "E_learned": 157.91366577148438,
  "E_exact": 157.91367041742973,
  "E_rel": 2.942079264319382e-08,
  "L2": 5.689042518497445e-05,
  "integral": 0.9999979734420776,
  "final_loss": 0.0002456272195558995,
  "final_pde": 0.00024562713224440813,
  "final_norm": 1.1510792319313623e-12,
  "epochs": 15000,
  "N_col": 8192,
  "hidden": 128,
  "use_sine": true,
  "lam_hi": 300.0,
  "lam_lo": 80.0,
  "lr0": 0.0003
}