{
  "n": 4,
  "experiment_name": "A1",
  "seed": 0,
  "E_learned": 157.91366577148438,
  "E_exact": 157.91367041742973,
  "E_rel": 2.942079264319382e-08,
  "L2": 5.772982694907114e-05,
  "integral": 0.9999975562095642,
  "final_loss": 0.00024930390645749867,
  "final_pde": 0.00024930117069743574,
  "final_norm": 3.412026217120001e-11,
  "epochs": 15000,
  "N_col": 8192,
  "hidden": 128,
  "use_sine": true,
  "lam_hi": 300.0,
  "lam_lo": 80.0,
  "lr0": 0.0003
}