{
  "n": 14,
  "experiment_name": "A2",
  "seed": 2,
  "E_learned": 1934.4482421875,
  "E_exact": 1934.4424626135142,
  "E_rel": 2.987720801998341e-06,
  "L2": 0.9997302889823914,
  "integral": 3.9177766586462326e-10,
  "final_loss": 80.0,
  "final_pde": 4.4599042325899063e-07,
  "final_norm": 1.0,
  "epochs": 15000,
  "N_col": 28672,
  "hidden": 256,
  "use_sine": true,
  "lam_hi": 300.0,
  "lam_lo": 80.0,
  "lr0": 0.0003
}