{
  "n": 4,
  "experiment_name": "A2",
  "seed": 1,
  "E_learned": 157.9136199951172,
  "E_exact": 157.91367041742973,
  "E_rel": 3.193030242859278e-07,
  "L2": 4.76132299809251e-05,
  "integral": 1.0000057220458984,
  "final_loss": 0.00016104482347145677,
  "final_pde": 0.0001610447361599654,
  "final_norm": 1.0267342531733448e-12,
  "epochs": 15000,
  "N_col": 8192,
  "hidden": 256,
  "use_sine": true,
  "lam_hi": 300.0,
  "lam_lo": 80.0,
  "lr0": 0.0003
}