{
  "n": 3,
  "experiment_name": "A2",
  "seed": 3,
  "E_learned": 88.826416015625,
  "E_exact": 88.82643960980423,
  "E_rel": 2.656211295772682e-07,
  "L2": 3.535559881129302e-05,
  "integral": 0.9999991655349731,
  "final_loss": 7.626898150192574e-05,
  "final_pde": 7.626893784618005e-05,
  "final_norm": 5.115907697472721e-13,
  "epochs": 9000,
  "N_col": 6144,
  "hidden": 256,
  "use_sine": true,
  "lam_hi": 300.0,
  "lam_lo": 80.0,
  "lr0": 0.0005
}