{
  "n": 11,
  "experiment_name": "A2",
  "seed": 4,
  "E_learned": 1194.349853515625,
  "E_exact": 1194.2221325318121,
  "E_rel": 0.0001069491012883032,
  "L2": 0.0003162357897963375,
  "integral": 0.9995191097259521,
  "final_loss": 0.021082211285829544,
  "final_pde": 0.0210573747754097,
  "final_norm": 3.1045425430420437e-07,
  "epochs": 15000,
  "N_col": 22528,
  "hidden": 256,
  "use_sine": true,
  "lam_hi": 300.0,
  "lam_lo": 80.0,
  "lr0": 0.0003
}