{
  "n": 3,
  "experiment_name": "A2",
  "seed": 1,
  "E_learned": 88.82645416259766,
  "E_exact": 88.82643960980423,
  "E_rel": 1.6383402841196523e-07,
  "L2": 3.944077616324648e-05,
  "integral": 1.000000238418579,
  "final_loss": 9.51767506194301e-05,
  "final_pde": 9.51763431658037e-05,
  "final_norm": 5.130118552187923e-12,
  "epochs": 9000,
  "N_col": 6144,
  "hidden": 256,
  "use_sine": true,
  "lam_hi": 300.0,
  "lam_lo": 80.0,
  "lr0": 0.0005
}