{
  "n": 13,
  "experiment_name": "A2",
  "seed": 3,
  "E_learned": 1667.9703369140625,
  "E_exact": 1667.9631437841017,
  "E_rel": 4.312523323793454e-06,
  "L2": 0.9996417760848999,
  "integral": 1.170340802048031e-08,
  "final_loss": 80.0,
  "final_pde": 3.451038139701268e-07,
  "final_norm": 1.0,
  "epochs": 15000,
  "N_col": 26624,
  "hidden": 256,
  "use_sine": true,
  "lam_hi": 300.0,
  "lam_lo": 80.0,
  "lr0": 0.0003
}