{
  "n": 13,
  "experiment_name": "A2",
  "seed": 1,
  "E_learned": 1668.828369140625,
  "E_exact": 1667.9631437841017,
  "E_rel": 0.0005187316996467697,
  "L2": 0.9996222257614136,
  "integral": 1.6324378293575137e-08,
  "final_loss": 80.0,
  "final_pde": 4.1008800621966657e-07,
  "final_norm": 1.0,
  "epochs": 15000,
  "N_col": 26624,
  "hidden": 256,
  "use_sine": true,
  "lam_hi": 300.0,
  "lam_lo": 80.0,
  "lr0": 0.0003
}