{
  "n": 2,
  "experiment_name": "A1",
  "seed": 1,
  "E_learned": 39.47842025756836,
  "E_exact": 39.47841760435743,
  "E_rel": 6.720661790438289e-08,
  "L2": 5.035505091655068e-05,
  "integral": 0.9999924898147583,
  "final_loss": 7.007110252743587e-05,
  "final_pde": 7.007043313933536e-05,
  "final_norm": 4.4565240386873484e-11,
  "epochs": 6000,
  "N_col": 4096,
  "hidden": 128,
  "use_sine": true,
  "lam_hi": 40.0,
  "lam_lo": 15.0,
  "lr0": 0.0007
}