{
  "n": 3,
  "experiment_name": "A2",
  "seed": 2,
  "E_learned": 88.82643127441406,
  "E_exact": 88.82643960980423,
  "E_rel": 9.383906638157482e-08,
  "L2": 3.7332330975914374e-05,
  "integral": 0.9999982118606567,
  "final_loss": 8.145377069013193e-05,
  "final_pde": 8.145364699885249e-05,
  "final_norm": 1.566746732351021e-12,
  "epochs": 9000,
  "N_col": 6144,
  "hidden": 256,
  "use_sine": true,
  "lam_hi": 300.0,
  "lam_lo": 80.0,
  "lr0": 0.0005
}