{
  "n": 12,
  "experiment_name": "A1",
  "seed": 0,
  "E_learned": 1421.2398681640625,
  "E_exact": 1421.2230337568676,
  "E_rel": 1.1845014325719238e-05,
  "L2": 0.00015331061149481684,
  "integral": 0.9997942447662354,
  "final_loss": 0.0022007394582033157,
  "final_pde": 0.002196487272158265,
  "final_norm": 5.3153655699134106e-08,
  "epochs": 15000,
  "N_col": 24576,
  "hidden": 128,
  "use_sine": true,
  "lam_hi": 300.0,
  "lam_lo": 80.0,
  "lr0": 0.0003
}