{
  "n": 19,
  "experiment_name": "A2",
  "seed": 3,
  "E_learned": 3562.93212890625,
  "E_exact": 3562.9271887932578,
  "E_rel": 1.3865321210556593e-06,
  "L2": 0.9996208548545837,
  "integral": 1.6685749670841687e-08,
  "final_loss": 80.0,
  "final_pde": 1.9748301838262705e-06,
  "final_norm": 1.0,
  "epochs": 15000,
  "N_col": 38912,
  "hidden": 256,
  "use_sine": true,
  "lam_hi": 300.0,
  "lam_lo": 80.0,
  "lr0": 0.0003
}