{
  "n": 2,
  "experiment_name": "A2",
  "seed": 2,
  "E_learned": 39.478416442871094,
  "E_exact": 39.47841760435743,
  "E_rel": 2.9420792643193257e-08,
  "L2": 3.729898890014738e-05,
  "integral": 1.0000003576278687,
  "final_loss": 3.9947364712134004e-05,
  "final_pde": 3.994734288426116e-05,
  "final_norm": 1.566746732351021e-12,
  "epochs": 6000,
  "N_col": 4096,
  "hidden": 256,
  "use_sine": true,
  "lam_hi": 40.0,
  "lam_lo": 15.0,
  "lr0": 0.0007
}