{
  "n": 1,
  "experiment_name": "A2",
  "seed": 3,
  "E_learned": 9.869610786437988,
  "E_exact": 9.869604401089358,
  "E_rel": 6.469710811897907e-07,
  "L2": 3.597730756155215e-05,
  "integral": 0.9999962449073792,
  "final_loss": 2.8511758500826545e-05,
  "final_pde": 2.851144381565973e-05,
  "final_norm": 3.1391778065881226e-11,
  "epochs": 4000,
  "N_col": 2048,
  "hidden": 256,
  "use_sine": true,
  "lam_hi": 40.0,
  "lam_lo": 10.0,
  "lr0": 0.001
}