{
  "n": 18,
  "experiment_name": "A1",
  "seed": 4,
  "E_learned": 3197.751708984375,
  "E_exact": 3197.751825952952,
  "E_rel": 3.657837861412531e-08,
  "L2": 4.91981663799379e-05,
  "integral": 0.9999858140945435,
  "final_loss": 0.015571534633636475,
  "final_pde": 0.015571534633636475,
  "final_norm": 5.115907697472721e-13,
  "epochs": 15000,
  "N_col": 36864,
  "hidden": 128,
  "use_sine": true,
  "lam_hi": 300.0,
  "lam_lo": 80.0,
  "lr0": 0.0003
}