{
  "n": 7,
  "experiment_name": "A1",
  "seed": 4,
  "E_learned": 483.61053466796875,
  "E_exact": 483.61061565337855,
  "E_rel": 1.6745995057565216e-07,
  "L2": 2.8583099265233614e-05,
  "integral": 1.0000154972076416,
  "final_loss": 0.00013821286847814918,
  "final_pde": 0.00013820722233504057,
  "final_norm": 7.063150064823276e-11,
  "epochs": 15000,
  "N_col": 14336,
  "hidden": 128,
  "use_sine": true,
  "lam_hi": 300.0,
  "lam_lo": 80.0,
  "lr0": 0.0003
}