{
  "n": 14,
  "experiment_name": "A2",
  "seed": 3,
  "E_learned": 1935.438232421875,
  "E_exact": 1934.4424626135142,
  "E_rel": 0.0005147580388695001,
  "L2": 0.999735951423645,
  "integral": 1.9868964806768474e-10,
  "final_loss": 80.0,
  "final_pde": 8.641591620062172e-08,
  "final_norm": 1.0,
  "epochs": 15000,
  "N_col": 28672,
  "hidden": 256,
  "use_sine": true,
  "lam_hi": 300.0,
  "lam_lo": 80.0,
  "lr0": 0.0003
}