{
  "n": 4,
  "experiment_name": "A1",
  "seed": 3,
  "E_learned": 157.91372680664062,
  "E_exact": 157.91367041742973,
  "E_rel": 3.5708884954711815e-07,
  "L2": 6.110007961979136e-05,
  "integral": 1.000006914138794,
  "final_loss": 0.0002564854803495109,
  "final_pde": 0.00025647960137575865,
  "final_norm": 7.366907084360719e-11,
  "epochs": 15000,
  "N_col": 8192,
  "hidden": 128,
  "use_sine": true,
  "lam_hi": 300.0,
  "lam_lo": 80.0,
  "lr0": 0.0003
}