{
  "n": 14,
  "experiment_name": "A1",
  "seed": 4,
  "E_learned": 1935.0272216796875,
  "E_exact": 1934.4424626135142,
  "E_rel": 0.00030228816699116737,
  "L2": 0.999747097492218,
  "integral": 1.7854098408043306e-11,
  "final_loss": 80.0,
  "final_pde": 2.0990103166695917e-07,
  "final_norm": 1.0,
  "epochs": 15000,
  "N_col": 28672,
  "hidden": 128,
  "use_sine": true,
  "lam_hi": 300.0,
  "lam_lo": 80.0,
  "lr0": 0.0003
}