{
  "n": 3,
  "experiment_name": "A1",
  "seed": 1,
  "E_learned": 88.82644653320312,
  "E_exact": 88.82643960980423,
  "E_rel": 7.794299681411854e-08,
  "L2": 4.6017285058042035e-05,
  "integral": 0.9999933242797852,
  "final_loss": 0.00014835195906925946,
  "final_pde": 0.00014835194451734424,
  "final_norm": 1.7408297026122455e-13,
  "epochs": 9000,
  "N_col": 6144,
  "hidden": 128,
  "use_sine": true,
  "lam_hi": 300.0,
  "lam_lo": 80.0,
  "lr0": 0.0005
}