{
  "n": 17,
  "experiment_name": "A2",
  "seed": 1,
  "E_learned": 2852.32275390625,
  "E_exact": 2852.3156719148246,
  "E_rel": 2.4828918815328164e-06,
  "L2": 0.9997367262840271,
  "integral": 1.7594500856255024e-10,
  "final_loss": 80.0,
  "final_pde": 2.5947649362478842e-08,
  "final_norm": 1.0,
  "epochs": 15000,
  "N_col": 34816,
  "hidden": 256,
  "use_sine": true,
  "lam_hi": 300.0,
  "lam_lo": 80.0,
  "lr0": 0.0003
}