{
  "n": 11,
  "experiment_name": "A1",
  "seed": 3,
  "E_learned": 1194.221923828125,
  "E_exact": 1194.2221325318121,
  "E_rel": 1.747611951213858e-07,
  "L2": 0.00019740038260351866,
  "integral": 0.9997142553329468,
  "final_loss": 0.0020071235485374928,
  "final_pde": 0.0019989153370261192,
  "final_norm": 1.026019305072623e-07,
  "epochs": 15000,
  "N_col": 22528,
  "hidden": 128,
  "use_sine": true,
  "lam_hi": 300.0,
  "lam_lo": 80.0,
  "lr0": 0.0003
}