{
  "n": 5,
  "experiment_name": "A1",
  "seed": 2,
  "E_learned": 246.7401580810547,
  "E_exact": 246.74011002723395,
  "E_rel": 1.9475479981278895e-07,
  "L2": 5.583458187174983e-05,
  "integral": 0.9999924898147583,
  "final_loss": 0.00031889608362689614,
  "final_pde": 0.00031889192177914083,
  "final_norm": 5.2015280971318134e-11,
  "epochs": 15000,
  "N_col": 10240,
  "hidden": 128,
  "use_sine": true,
  "lam_hi": 300.0,
  "lam_lo": 80.0,
  "lr0": 0.0003
}