{
  "n": 20,
  "experiment_name": "A2",
  "seed": 2,
  "E_learned": 3947.8466796875,
  "E_exact": 3947.8417604357433,
  "E_rel": 1.2460610265704446e-06,
  "L2": 0.9997161030769348,
  "integral": 1.1523555443204714e-09,
  "final_loss": 80.0,
  "final_pde": 5.754439484917384e-07,
  "final_norm": 1.0,
  "epochs": 15000,
  "N_col": 40960,
  "hidden": 256,
  "use_sine": true,
  "lam_hi": 300.0,
  "lam_lo": 80.0,
  "lr0": 0.0003
}