{
  "n": 20,
  "experiment_name": "A2",
  "seed": 0,
  "E_learned": 3947.845703125,
  "E_exact": 3947.8417604357433,
  "E_rel": 9.986948555686434e-07,
  "L2": 0.9982174038887024,
  "integral": 2.359196059842361e-06,
  "final_loss": 80.00067901611328,
  "final_pde": 0.0010323276510462165,
  "final_norm": 0.9999955892562866,
  "epochs": 15000,
  "N_col": 40960,
  "hidden": 256,
  "use_sine": true,
  "lam_hi": 300.0,
  "lam_lo": 80.0,
  "lr0": 0.0003
}