{
  "n": 17,
  "experiment_name": "A2",
  "seed": 2,
  "E_learned": 2852.560546875,
  "E_exact": 2852.3156719148246,
  "E_rel": 8.585128307729555e-05,
  "L2": 0.9996951222419739,
  "integral": 3.012519345091391e-09,
  "final_loss": 80.0,
  "final_pde": 9.5829886959109e-07,
  "final_norm": 1.0,
  "epochs": 15000,
  "N_col": 34816,
  "hidden": 256,
  "use_sine": true,
  "lam_hi": 300.0,
  "lam_lo": 80.0,
  "lr0": 0.0003
}