{
  "n": 1,
  "experiment_name": "A1",
  "seed": 0,
  "E_learned": 9.869611740112305,
  "E_exact": 9.869604401089358,
  "E_rel": 7.435984917373594e-07,
  "L2": 4.110223744646646e-05,
  "integral": 1.0000104904174805,
  "final_loss": 3.1102968932827935e-05,
  "final_pde": 3.110026227659546e-05,
  "final_norm": 2.7063151719630696e-10,
  "epochs": 4000,
  "N_col": 2048,
  "hidden": 128,
  "use_sine": true,
  "lam_hi": 40.0,
  "lam_lo": 10.0,
  "lr0": 0.001
}