{
  "n": 15,
  "experiment_name": "A1",
  "seed": 4,
  "E_learned": 2220.660888671875,
  "E_exact": 2220.660990245105,
  "E_rel": 4.574008841800719e-08,
  "L2": 7.068414561217651e-05,
  "integral": 0.9998993873596191,
  "final_loss": 0.0009785641450434923,
  "final_pde": 0.000978184281848371,
  "final_norm": 4.747619186673546e-09,
  "epochs": 15000,
  "N_col": 30720,
  "hidden": 128,
  "use_sine": true,
  "lam_hi": 300.0,
  "lam_lo": 80.0,
  "lr0": 0.0003
}