{
  "n": 14,
  "experiment_name": "A2",
  "seed": 1,
  "E_learned": 1934.806396484375,
  "E_exact": 1934.4424626135142,
  "E_rel": 0.0001881337273630403,
  "L2": 0.999643862247467,
  "integral": 1.1278006084580738e-08,
  "final_loss": 80.0,
  "final_pde": 1.7745235254551517e-06,
  "final_norm": 1.0,
  "epochs": 15000,
  "N_col": 28672,
  "hidden": 256,
  "use_sine": true,
  "lam_hi": 300.0,
  "lam_lo": 80.0,
  "lr0": 0.0003
}