{
  "n": 2,
  "experiment_name": "A2",
  "seed": 0,
  "E_learned": 39.478424072265625,
  "E_exact": 39.47841760435743,
  "E_rel": 1.6383402845195905e-07,
  "L2": 3.25885193888098e-05,
  "integral": 1.0000008344650269,
  "final_loss": 3.00763040286256e-05,
  "final_pde": 3.0076234907028265e-05,
  "final_norm": 4.604316927725449e-12,
  "epochs": 6000,
  "N_col": 4096,
  "hidden": 256,
  "use_sine": true,
  "lam_hi": 40.0,
  "lam_lo": 15.0,
  "lr0": 0.0007
}