{
  "n": 7,
  "experiment_name": "A1",
  "seed": 3,
  "E_learned": 483.610595703125,
  "E_exact": 483.61061565337855,
  "E_rel": 4.125272047269263e-08,
  "L2": 3.841840225504711e-05,
  "integral": 0.9999951124191284,
  "final_loss": 0.00033425440778955817,
  "final_pde": 0.00033425382571294904,
  "final_norm": 7.194245199571014e-12,
  "epochs": 15000,
  "N_col": 14336,
  "hidden": 128,
  "use_sine": true,
  "lam_hi": 300.0,
  "lam_lo": 80.0,
  "lr0": 0.0003
}