{
  "n": 19,
  "experiment_name": "A1",
  "seed": 3,
  "E_learned": 3562.92724609375,
  "E_exact": 3562.9271887932578,
  "E_rel": 1.6082420214655463e-08,
  "L2": 0.00013803664478473365,
  "integral": 1.0001893043518066,
  "final_loss": 0.004970506299287081,
  "final_pde": 0.004969410132616758,
  "final_norm": 1.3703868262382457e-08,
  "epochs": 15000,
  "N_col": 38912,
  "hidden": 128,
  "use_sine": true,
  "lam_hi": 300.0,
  "lam_lo": 80.0,
  "lr0": 0.0003
}