{
  "n": 9,
  "experiment_name": "A1",
  "seed": 3,
  "E_learned": 799.4384155273438,
  "E_exact": 799.437956488238,
  "E_rel": 5.742022905261238e-07,
  "L2": 3.1256415240932256e-05,
  "integral": 1.000004529953003,
  "final_loss": 0.00014028958685230464,
  "final_pde": 0.0001402895723003894,
  "final_norm": 2.2737367544323206e-13,
  "epochs": 15000,
  "N_col": 18432,
  "hidden": 128,
  "use_sine": true,
  "lam_hi": 300.0,
  "lam_lo": 80.0,
  "lr0": 0.0003
}