{
  "n": 6,
  "experiment_name": "A1",
  "seed": 1,
  "E_learned": 355.3056945800781,
  "E_exact": 355.3057584392169,
  "E_rel": 1.79730097979423e-07,
  "L2": 4.781856114277616e-05,
  "integral": 0.9999985694885254,
  "final_loss": 0.0003679035871755332,
  "final_pde": 0.0003679024230223149,
  "final_norm": 1.4551915228366852e-11,
  "epochs": 15000,
  "N_col": 12288,
  "hidden": 128,
  "use_sine": true,
  "lam_hi": 300.0,
  "lam_lo": 80.0,
  "lr0": 0.0003
}