{
  "n": 13,
  "experiment_name": "A1",
  "seed": 3,
  "E_learned": 1668.0938720703125,
  "E_exact": 1667.9631437841017,
  "E_rel": 7.837600410894808e-05,
  "L2": 0.00010487435065442696,
  "integral": 0.9998149871826172,
  "final_loss": 0.01756950654089451,
  "final_pde": 0.017569351941347122,
  "final_norm": 1.924490788951516e-09,
  "epochs": 15000,
  "N_col": 26624,
  "hidden": 128,
  "use_sine": true,
  "lam_hi": 300.0,
  "lam_lo": 80.0,
  "lr0": 0.0003
}