{
  "n": 5,
  "experiment_name": "A2",
  "seed": 0,
  "E_learned": 246.7401123046875,
  "E_exact": 246.74011002723395,
  "E_rel": 9.230171561438793e-09,
  "L2": 3.920263043255545e-05,
  "integral": 0.9999986290931702,
  "final_loss": 0.0001661590504227206,
  "final_pde": 0.00016615839558653533,
  "final_norm": 8.185452315956354e-12,
  "epochs": 15000,
  "N_col": 10240,
  "hidden": 256,
  "use_sine": true,
  "lam_hi": 300.0,
  "lam_lo": 80.0,
  "lr0": 0.0003
}