{
  "n": 1,
  "experiment_name": "A2",
  "seed": 1,
  "E_learned": 9.86960220336914,
  "E_exact": 9.869604401089358,
  "E_rel": 2.2267561373832863e-07,
  "L2": 3.6249512049835175e-05,
  "integral": 1.0000001192092896,
  "final_loss": 2.7903653972316533e-05,
  "final_pde": 2.7903617592528462e-05,
  "final_norm": 3.637978807091713e-12,
  "epochs": 4000,
  "N_col": 2048,
  "hidden": 256,
  "use_sine": true,
  "lam_hi": 40.0,
  "lam_lo": 10.0,
  "lr0": 0.001
}