{
  "n": 20,
  "experiment_name": "A1",
  "seed": 2,
  "E_learned": 3947.846435546875,
  "E_exact": 3947.8417604357433,
  "E_rel": 1.1842194838199943e-06,
  "L2": 0.9989617466926575,
  "integral": 6.217095460669952e-07,
  "final_loss": 79.99993896484375,
  "final_pde": 3.0046296160435304e-05,
  "final_norm": 0.9999988079071045,
  "epochs": 15000,
  "N_col": 40960,
  "hidden": 128,
  "use_sine": true,
  "lam_hi": 300.0,
  "lam_lo": 80.0,
  "lr0": 0.0003
}