{
  "n": 12,
  "experiment_name": "A1",
  "seed": 1,
  "E_learned": 1421.222900390625,
  "E_exact": 1421.2230337568676,
  "E_rel": 9.38390663815758e-08,
  "L2": 5.5308788432739675e-05,
  "integral": 0.9999485015869141,
  "final_loss": 0.0013964809477329254,
  "final_pde": 0.001396066159941256,
  "final_norm": 5.184347173781134e-09,
  "epochs": 15000,
  "N_col": 24576,
  "hidden": 128,
  "use_sine": true,
  "lam_hi": 300.0,
  "lam_lo": 80.0,
  "lr0": 0.0003
}